wait_time,tradeAction,bars_15m.cci,bars_15m.ccia,bars_15m.atr,bars_15m.bband_width,bars_15m.bband_b,bars_1h.cci,bars_1h.ccia,bars_1h.atr,bars_1h.bband_width,bars_1h.bband_b,bars_1d.cci,bars_1d.ccia,bars_1d.atr,bars_1d.bband_width,bars_1d.bband_b,tradeNow,pendingLong,pendingShort,pendingCnt,curr_spread,prior_spread,ccibb_trade,cci_trade,ccibb_key, cci_key
10/26/2020 8:30,Sell,-80.36218625,-57.84629453,3.995781899,0.26164352,40.49908603,-128.3486372,-161.5017169,8.916481585,1.410776394,17.23040547,75.91276415,77.92171038,59.06568311,6.704940516,62.81507306,FALSE,FALSE,FALSE,0,22.51589173,35.02252293,FALSE,FALSE,shortATR15:AATR1:AATRD:HCCI15:ILCCIA15:ILCCIA1h:UCCIA1d:IUBBW15:LBBb15:BBBW1h:HBBb1h:BBBW1d:HBBb1d:T,shortATR15:AATR1:AATRD:HCCI15:ILCCIA15:ILCCIA1h:UCCIA1d:IU
10/26/2020 8:45,Sell,-75.28212312,-57.92546214,3.92465462,0.270344312,20.115045,-128.3486372,-161.5017169,8.916481585,1.410776394,17.23040547,75.91276415,77.92171038,59.06568311,6.704940516,62.81507306,FALSE,FALSE,FALSE,0,17.35666098,22.51589173,FALSE,FALSE,shortATR15:AATR1:AATRD:HCCI15:ILCCIA15:ILCCIA1h:UCCIA1d:IUBBW15:LBBb15:BBBW1h:HBBb1h:BBBW1d:HBBb1d:T,shortATR15:AATR1:AATRD:HCCI15:ILCCIA15:ILCCIA1h:UCCIA1d:IU
10/26/2020 9:00,Sell,-88.32867614,-61.28849106,3.822893576,0.261887363,18.59207868,-128.3486372,-161.5017169,8.916481585,1.410776394,17.23040547,75.91276415,77.92171038,59.06568311,6.704940516,62.81507306,FALSE,FALSE,FALSE,0,27.04018508,17.35666098,FALSE,FALSE,shortATR15:AATR1:AATRD:HCCI15:ILCCIA15:ILCCIA1h:UCCIA1d:IUBBW15:LBBb15:BBBW1h:HBBb1h:BBBW1d:HBBb1d:T,shortATR15:AATR1:AATRD:HCCI15:ILCCIA15:ILCCIA1h:UCCIA1d:IU
10/26/2020 9:15,Buy,-42.48264896,-63.62684271,3.960544035,0.262249488,57.52746495,-135.3780826,-158.9275486,8.672447186,1.478174021,17.53396765,75.91276415,77.92171038,59.06568311,6.704940516,62.81507306,TRUE,FALSE,FALSE,0,21.14419375,27.04018508,FALSE,TRUE,longATR15:AATR1:AATRD:HCCI15:ILCCIA15:ILCCIA1h:UCCIA1d:IUBBW15:LBBb15:TBBW1h:HBBb1h:BBBW1d:HBBb1d:T,longATR15:AATR1:AATRD:HCCI15:ILCCIA15:ILCCIA1h:UCCIA1d:IU
10/26/2020 9:30,Buy,-4.968842435,-60.44673419,3.874076604,0.250620976,74.79493844,-135.3780826,-158.9275486,8.672447186,1.478174021,17.53396765,75.91276415,77.92171038,59.06568311,6.704940516,62.81507306,FALSE,FALSE,FALSE,0,55.47789175,21.14419375,FALSE,FALSE,longATR15:AATR1:AATRD:HCCI15:ILCCIA15:ILCCIA1h:UCCIA1d:IUBBW15:LBBb15:TBBW1h:HBBb1h:BBBW1d:HBBb1d:T,longATR15:AATR1:AATRD:HCCI15:ILCCIA15:ILCCIA1h:UCCIA1d:IU
10/26/2020 9:45,Buy,12.28234316,-54.37810796,4.311642561,0.253009544,65.02513701,-135.3780826,-158.9275486,8.672447186,1.478174021,17.53396765,75.91276415,77.92171038,59.06568311,6.704940516,62.81507306,FALSE,FALSE,FALSE,0,66.66045112,55.47789175,FALSE,FALSE,longATR15:AATR1:AATRD:HCCI15:IUCCIA15:ILCCIA1h:UCCIA1d:IUBBW15:LBBb15:TBBW1h:HBBb1h:BBBW1d:HBBb1d:T,longATR15:AATR1:AATRD:HCCI15:IUCCIA15:ILCCIA1h:UCCIA1d:IU
10/26/2020 10:00,Buy,52.44929529,-39.81050399,4.68223952,0.292384729,105.6284769,-135.3780826,-158.9275486,8.672447186,1.478174021,17.53396765,75.91276415,77.92171038,59.06568311,6.704940516,62.81507306,FALSE,FALSE,FALSE,0,92.25979928,66.66045112,FALSE,FALSE,longATR15:AATR1:AATRD:HCCI15:IUCCIA15:ILCCIA1h:UCCIA1d:IUBBW15:LBBb15:OBBW1h:HBBb1h:BBBW1d:HBBb1d:T,longATR15:AATR1:AATRD:HCCI15:IUCCIA15:ILCCIA1h:UCCIA1d:IU
10/26/2020 10:15,Buy,105.7311745,-15.120208,4.954936698,0.331346413,103.7167786,-93.71107918,-151.0709171,8.892272387,1.450547472,36.99340221,75.91276415,77.92171038,59.06568311,6.704940516,62.81507306,FALSE,FALSE,FALSE,0,120.8513825,92.25979928,FALSE,FALSE,longATR15:AATR1:AATRD:HCCI15:OCCIA15:ILCCIA1h:UCCIA1d:IUBBW15:LBBb15:OBBW1h:HBBb1h:BBBW1d:HBBb1d:T,longATR15:AATR1:AATRD:HCCI15:OCCIA15:ILCCIA1h:UCCIA1d:IU
10/26/2020 10:30,Sell,-8.773477054,-6.171619345,5.618869791,0.344682348,17.12676599,-93.71107918,-151.0709171,8.892272387,1.450547472,36.99340221,75.91276415,77.92171038,59.06568311,6.704940516,62.81507306,FALSE,FALSE,TRUE,1,2.601857708,120.8513825,FALSE,FALSE,shortATR15:AATR1:AATRD:HCCI15:ILCCIA15:ILCCIA1h:UCCIA1d:IUBBW15:LBBb15:BBBW1h:HBBb1h:BBBW1d:HBBb1d:T,shortATR15:AATR1:AATRD:HCCI15:ILCCIA15:ILCCIA1h:UCCIA1d:IU
10/26/2020 10:45,Sell,-222.5342859,-24.5781397,6.003236234,0.426697807,-14.6817682,-93.71107918,-151.0709171,8.892272387,1.450547472,36.99340221,75.91276415,77.92171038,59.06568311,6.704940516,62.81507306,TRUE,FALSE,FALSE,0,197.9561463,2.601857708,FALSE,FALSE,shortATR15:AATR1:AATRD:HCCI15:UCCIA15:ILCCIA1h:UCCIA1d:IUBBW15:ABBb15:UBBW1h:HBBb1h:BBBW1d:HBBb1d:T,shortATR15:AATR1:AATRD:HCCI15:UCCIA15:ILCCIA1h:UCCIA1d:IU
10/26/2020 11:00,Sell,-385.4230377,-61.7149349,6.681576503,0.729901626,-38.52527652,-93.71107918,-151.0709171,8.892272387,1.450547472,36.99340221,75.91276415,77.92171038,59.06568311,6.704940516,62.81507306,FALSE,FALSE,FALSE,0,323.7081028,197.9561463,FALSE,FALSE,shortATR15:AATR1:AATRD:HCCI15:UCCIA15:ILCCIA1h:UCCIA1d:IUBBW15:HBBb15:UBBW1h:HBBb1h:BBBW1d:HBBb1d:T,shortATR15:AATR1:AATRD:HCCI15:UCCIA15:ILCCIA1h:UCCIA1d:IU
10/26/2020 11:15,Sell,-455.0284534,-113.2831605,6.90074961,0.969875936,-21.77659838,-166.5555338,-152.0093587,10.73925293,1.646103985,-8.701055974,75.91276415,77.92171038,59.06568311,6.704940516,62.81507306,FALSE,FALSE,FALSE,0,341.745293,323.7081028,FALSE,FALSE,shortATR15:AATR1:HATRD:HCCI15:UCCIA15:UCCIA1h:UCCIA1d:IUBBW15:HBBb15:UBBW1h:HBBb1h:UBBW1d:HBBb1d:T,shortATR15:AATR1:HATRD:HCCI15:UCCIA15:UCCIA1h:UCCIA1d:IU
10/26/2020 11:30,Sell,-418.5035924,-164.9750042,7.247124638,1.218533251,-16.43794288,-166.5555338,-152.0093587,10.73925293,1.646103985,-8.701055974,75.91276415,77.92171038,59.06568311,6.704940516,62.81507306,FALSE,FALSE,FALSE,0,253.5285882,341.745293,FALSE,FALSE,shortATR15:AATR1:HATRD:HCCI15:UCCIA15:UCCIA1h:UCCIA1d:IUBBW15:HBBb15:UBBW1h:HBBb1h:UBBW1d:HBBb1d:T,shortATR15:AATR1:HATRD:HCCI15:UCCIA15:UCCIA1h:UCCIA1d:IU
10/26/2020 11:45,Sell,-338.562831,-208.830651,7.390187164,1.424356585,-6.658464625,-166.5555338,-152.0093587,10.73925293,1.646103985,-8.701055974,75.91276415,77.92171038,59.06568311,6.704940516,62.81507306,FALSE,FALSE,FALSE,0,129.73218,253.5285882,FALSE,FALSE,shortATR15:AATR1:HATRD:HCCI15:UCCIA15:UCCIA1h:UCCIA1d:IUBBW15:HBBb15:UBBW1h:HBBb1h:UBBW1d:HBBb1d:T,shortATR15:AATR1:HATRD:HCCI15:UCCIA15:UCCIA1h:UCCIA1d:IU
10/26/2020 12:00,Sell,-249.3829055,-246.5596761,7.451602366,1.577098679,1.567127579,-166.5555338,-152.0093587,10.73925293,1.646103985,-8.701055974,75.91276415,77.92171038,59.06568311,6.704940516,62.81507306,FALSE,FALSE,FALSE,0,2.823229451,129.73218,FALSE,FALSE,shortATR15:AATR1:HATRD:HCCI15:UCCIA15:UCCIA1h:UCCIA1d:IUBBW15:HBBb15:BBBW1h:HBBb1h:UBBW1d:HBBb1d:T,shortATR15:AATR1:HATRD:HCCI15:UCCIA15:UCCIA1h:UCCIA1d:IU
10/26/2020 12:15,Buy,-217.0032823,-286.9014832,7.312202197,1.691463663,5.639170298,-240.3598357,-156.6759376,11.18644915,1.803558021,-14.37559177,75.91276415,77.92171038,59.06568311,6.704940516,62.81507306,TRUE,FALSE,FALSE,0,69.89820084,2.823229451,FALSE,TRUE,longATR15:AATR1:HATRD:HCCI15:UCCIA15:UCCIA1h:UCCIA1d:IUBBW15:HBBb15:BBBW1h:HBBb1h:UBBW1d:HBBb1d:T,longATR15:AATR1:HATRD:HCCI15:UCCIA15:UCCIA1h:UCCIA1d:IU
10/26/2020 12:30,Buy,-182.0305609,-308.5586187,7.28990204,1.769324998,13.00004357,-240.3598357,-156.6759376,11.18644915,1.803558021,-14.37559177,75.91276415,77.92171038,59.06568311,6.704940516,62.81507306,FALSE,FALSE,FALSE,0,126.5280578,69.89820084,FALSE,FALSE,longATR15:AATR1:HATRD:HCCI15:UCCIA15:UCCIA1h:UCCIA1d:IUBBW15:HBBb15:BBBW1h:HBBb1h:UBBW1d:HBBb1d:T,longATR15:AATR1:HATRD:HCCI15:UCCIA15:UCCIA1h:UCCIA1d:IU
10/26/2020 12:45,Buy,-189.5499008,-304.4355705,7.537051895,1.909982543,4.538773459,-240.3598357,-156.6759376,11.18644915,1.803558021,-14.37559177,75.91276415,77.92171038,59.06568311,6.704940516,62.81507306,FALSE,FALSE,FALSE,0,114.8856697,126.5280578,FALSE,FALSE,longATR15:HATR1:HATRD:HCCI15:UCCIA15:UCCIA1h:UCCIA1d:IUBBW15:HBBb15:BBBW1h:HBBb1h:UBBW1d:HBBb1d:T,longATR15:HATR1:HATRD:HCCI15:UCCIA15:UCCIA1h:UCCIA1d:IU
10/26/2020 13:00,Buy,-186.0490213,-279.5138185,7.302262474,2.041425165,8.032519232,-240.3598357,-156.6759376,11.18644915,1.803558021,-14.37559177,75.91276415,77.92171038,59.06568311,6.704940516,62.81507306,FALSE,FALSE,FALSE,0,93.46479712,114.8856697,FALSE,FALSE,longATR15:AATR1:HATRD:HCCI15:UCCIA15:UCCIA1h:UCCIA1d:IUBBW15:HBBb15:BBBW1h:HBBb1h:UBBW1d:HBBb1d:T,longATR15:AATR1:HATRD:HCCI15:UCCIA15:UCCIA1h:UCCIA1d:IU
10/26/2020 13:15,Buy,-168.2488249,-243.6663649,7.244958011,2.171993492,10.03997038,-245.0641159,-164.7037298,11.5659885,2.096553532,-15.79037823,75.91276415,77.92171038,59.06568311,6.704940516,62.81507306,FALSE,FALSE,FALSE,0,75.41754002,93.46479712,FALSE,FALSE,longATR15:AATR1:HATRD:HCCI15:UCCIA15:UCCIA1h:UCCIA1d:IUBBW15:HBBb15:BBBW1h:HBBb1h:UBBW1d:HBBb1d:T,longATR15:AATR1:HATRD:HCCI15:UCCIA15:UCCIA1h:UCCIA1d:IU
10/26/2020 13:45,Buy,-170.6291511,-192.5574004,7.651264816,2.469382254,10.90551161,-245.0641159,-164.7037298,11.5659885,2.096553532,-15.79037823,75.91276415,77.92171038,59.06568311,6.704940516,62.81507306,FALSE,FALSE,FALSE,0,21.92824929,35.98355411,FALSE,FALSE,longATR15:HATR1:HATRD:HCCI15:UCCIA15:UCCIA1h:UCCIA1d:IUBBW15:HBBb15:BBBW1h:HBBb1h:UBBW1d:HBBb1d:T,longATR15:HATR1:HATRD:HCCI15:UCCIA15:UCCIA1h:UCCIA1d:IU
10/26/2020 14:00,Buy,-125.1412363,-177.0271917,7.926174472,2.47351314,25.41821406,-245.0641159,-164.7037298,11.5659885,2.096553532,-15.79037823,75.91276415,77.92171038,59.06568311,6.704940516,62.81507306,FALSE,FALSE,FALSE,0,51.88595544,21.92824929,FALSE,FALSE,longATR15:HATR1:HATRD:HCCI15:UCCIA15:UCCIA1h:UCCIA1d:IUBBW15:HBBb15:BBBW1h:HBBb1h:UBBW1d:HBBb1d:T,longATR15:HATR1:HATRD:HCCI15:UCCIA15:UCCIA1h:UCCIA1d:IU
10/26/2020 14:30,Buy,-67.20729853,-147.559123,8.248844315,2.277098172,44.60797402,-249.9504331,-175.6959974,12.22198932,2.269038371,-7.362185637,75.91276415,77.92171038,59.06568311,6.704940516,62.81507306,FALSE,FALSE,FALSE,0,80.35182444,65.83003632,FALSE,FALSE,longATR15:HATR1:HATRD:HCCI15:ILCCIA15:UCCIA1h:UCCIA1d:IUBBW15:HBBb15:BBBW1h:HBBb1h:UBBW1d:HBBb1d:T,longATR15:HATR1:HATRD:HCCI15:ILCCIA15:UCCIA1h:UCCIA1d:IU
10/26/2020 14:45,Buy,-63.87982258,-131.8503632,8.15964115,2.128696479,40.06914452,-249.9504331,-175.6959974,12.22198932,2.269038371,-7.362185637,75.91276415,77.92171038,59.06568311,6.704940516,62.81507306,FALSE,FALSE,FALSE,0,67.9705406,80.35182444,FALSE,FALSE,longATR15:HATR1:HATRD:HCCI15:ILCCIA15:UCCIA1h:UCCIA1d:IUBBW15:HBBb15:BBBW1h:HBBb1h:UBBW1d:HBBb1d:T,longATR15:HATR1:HATRD:HCCI15:ILCCIA15:UCCIA1h:UCCIA1d:IU
10/26/2020 15:00,Buy,-65.61236938,-116.7957817,8.219666782,1.878698485,42.61143272,-249.9504331,-175.6959974,12.22198932,2.269038371,-7.362185637,75.91276415,77.92171038,59.06568311,6.704940516,62.81507306,FALSE,FALSE,FALSE,0,51.18341231,67.9705406,FALSE,FALSE,longATR15:HATR1:HATRD:HCCI15:ILCCIA15:UCCIA1h:UCCIA1d:IUBBW15:HBBb15:BBBW1h:HBBb1h:UBBW1d:HBBb1d:T,longATR15:HATR1:HATRD:HCCI15:ILCCIA15:UCCIA1h:UCCIA1d:IU
10/26/2020 15:15,Buy,-70.26533997,-104.5478461,8.543262012,1.546567034,33.97079275,-185.2660834,-180.5792251,12.49184722,2.422783418,8.640264431,75.91276415,77.92171038,59.06568311,6.704940516,62.81507306,FALSE,FALSE,FALSE,0,34.2825061,51.18341231,FALSE,FALSE,longATR15:HATR1:HATRD:HCCI15:ILCCIA15:UCCIA1h:UCCIA1d:IUBBW15:HBBb15:BBBW1h:HBBb1h:BBBW1d:HBBb1d:T,longATR15:HATR1:HATRD:HCCI15:ILCCIA15:UCCIA1h:UCCIA1d:IU
10/26/2020 15:45,Buy,-43.34480368,-73.59944565,8.655924898,1.015805793,57.53529006,-185.2660834,-180.5792251,12.49184722,2.422783418,8.640264431,75.91276415,77.92171038,59.06568311,6.704940516,62.81507306,FALSE,FALSE,FALSE,0,30.25464197,32.24728876,FALSE,FALSE,longATR15:HATR1:HATRD:HCCI15:ILCCIA15:ILCCIA1h:UCCIA1d:IUBBW15:HBBb15:TBBW1h:HBBb1h:BBBW1d:HBBb1d:T,longATR15:HATR1:HATRD:HCCI15:ILCCIA15:ILCCIA1h:UCCIA1d:IU
10/26/2020 16:00,Buy,-29.42673229,-61.63513265,9.609073119,0.995102985,91.43429942,-185.2660834,-180.5792251,12.49184722,2.422783418,8.640264431,75.91276415,77.92171038,59.06568311,6.704940516,62.81507306,FALSE,FALSE,FALSE,0,32.20840036,30.25464197,FALSE,FALSE,longATR15:HATR1:HATRD:HCCI15:ILCCIA15:ILCCIA1h:UCCIA1d:IUBBW15:HBBb15:TBBW1h:HBBb1h:BBBW1d:HBBb1d:T,longATR15:HATR1:HATRD:HCCI15:ILCCIA15:ILCCIA1h:UCCIA1d:IU
10/26/2020 16:15,Buy,2.158000593,-49.35513327,9.386996468,1.016999873,93.84954762,-142.7126764,-182.37473,13.17100099,2.393594797,26.77443784,75.91276415,77.92171038,59.06568311,6.704940516,62.81507306,FALSE,FALSE,FALSE,0,51.51313386,32.20840036,FALSE,FALSE,longATR15:HATR1:HATRD:HCCI15:IUCCIA15:ILCCIA1h:UCCIA1d:IUBBW15:HBBb15:TBBW1h:HBBb1h:BBBW1d:HBBb1d:T,longATR15:HATR1:HATRD:HCCI15:IUCCIA15:ILCCIA1h:UCCIA1d:IU
10/26/2020 16:30,Buy,6.003779368,-40.20374853,8.787925292,1.071618254,89.88487769,-142.7126764,-182.37473,13.17100099,2.393594797,26.77443784,75.91276415,77.92171038,59.06568311,6.704940516,62.81507306,FALSE,FALSE,FALSE,0,46.2075279,51.51313386,FALSE,FALSE,longATR15:HATR1:HATRD:HCCI15:IUCCIA15:ILCCIA1h:UCCIA1d:IUBBW15:HBBb15:TBBW1h:HBBb1h:BBBW1d:HBBb1d:T,longATR15:HATR1:HATRD:HCCI15:IUCCIA15:ILCCIA1h:UCCIA1d:IU
10/26/2020 16:45,Buy,0.510793695,-40.89037174,9.020068149,1.06246703,87.58419474,-142.7126764,-182.37473,13.17100099,2.393594797,26.77443784,75.91276415,77.92171038,59.06568311,6.704940516,62.81507306,FALSE,FALSE,FALSE,0,41.40116544,51.51313386,FALSE,FALSE,longATR15:HATR1:HATRD:HCCI15:IUCCIA15:ILCCIA1h:UCCIA1d:IUBBW15:HBBb15:TBBW1h:HBBb1h:BBBW1d:HBBb1d:T,longATR15:HATR1:HATRD:HCCI15:IUCCIA15:ILCCIA1h:UCCIA1d:IU
10/26/2020 17:00,Buy,3.274696518,-32.49605685,8.536491853,1.114455571,86.02545124,-142.7126764,-182.37473,13.17100099,2.393594797,26.77443784,75.91276415,77.92171038,59.06568311,6.704940516,62.81507306,FALSE,FALSE,FALSE,0,35.77075337,41.40116544,FALSE,FALSE,longATR15:HATR1:HATRD:HCCI15:IUCCIA15:ILCCIA1h:UCCIA1d:IUBBW15:HBBb15:TBBW1h:HBBb1h:BBBW1d:HBBb1d:T,longATR15:HATR1:HATRD:HCCI15:IUCCIA15:ILCCIA1h:UCCIA1d:IU
10/26/2020 17:15,Buy,3.274696518,-32.49605685,8.536491853,1.114455571,86.02545124,-102.3059594,-179.8375655,12.09132229,2.286820429,31.56119105,75.91276415,77.92171038,59.06568311,6.704940516,62.81507306,FALSE,FALSE,FALSE,0,35.77075337,41.40116544,FALSE,FALSE,longATR15:HATR1:HATRD:HCCI15:IUCCIA15:ILCCIA1h:UCCIA1d:IUBBW15:HBBb15:TBBW1h:HBBb1h:BBBW1d:HBBb1d:T,longATR15:HATR1:HATRD:HCCI15:IUCCIA15:ILCCIA1h:UCCIA1d:IU
10/27/2020 7:30,Buy,146.6334088,107.7346508,4.256802128,0.554747325,83.91326448,-3.916045179,-34.96763628,9.45482166,1.097243058,83.75537892,18.72880543,66.83863372,61.66889764,6.434979482,35.83412413,FALSE,FALSE,FALSE,0,38.89875796,60.88427779,FALSE,FALSE,longATR15:AATR1:AATRD:HCCI15:OCCIA15:OCCIA1h:ILCCIA1d:IUBBW15:HBBb15:TBBW1h:HBBb1h:TBBW1d:HBBb1d:B,longATR15:AATR1:AATRD:HCCI15:OCCIA15:OCCIA1h:ILCCIA1d:IU
10/27/2020 7:45,Buy,158.3669061,134.0772652,4.085397894,0.594323951,86.35052179,-3.916045179,-34.96763628,9.45482166,1.097243058,83.75537892,18.72880543,66.83863372,61.66889764,6.434979482,35.83412413,FALSE,FALSE,FALSE,0,24.28964087,51.391195,FALSE,FALSE,longATR15:AATR1:AATRD:HCCI15:OCCIA15:OCCIA1h:ILCCIA1d:IUBBW15:HBBb15:TBBW1h:HBBb1h:TBBW1d:HBBb1d:B,longATR15:AATR1:AATRD:HCCI15:OCCIA15:OCCIA1h:ILCCIA1d:IU
10/27/2020 8:00,Buy,156.852777,133.8879991,4.192540751,0.596489246,87.38875745,-3.916045179,-34.96763628,9.45482166,1.097243058,83.75537892,18.72880543,66.83863372,61.66889764,6.434979482,35.83412413,FALSE,FALSE,FALSE,0,22.96477799,51.391195,FALSE,FALSE,longATR15:AATR1:AATRD:HCCI15:OCCIA15:OCCIA1h:ILCCIA1d:IUBBW15:HBBb15:TBBW1h:HBBb1h:TBBW1d:HBBb1d:B,longATR15:AATR1:AATRD:HCCI15:OCCIA15:OCCIA1h:ILCCIA1d:IU
10/27/2020 8:15,Sell,123.3664994,146.0509363,4.107359269,0.612907263,75.29488756,13.20918522,-25.5992217,9.136620113,1.128045018,84.94290561,18.72880543,66.83863372,61.66889764,6.434979482,35.83412413,TRUE,FALSE,FALSE,0,22.68443687,22.96477799,FALSE,TRUE,shortATR15:AATR1:AATRD:HCCI15:OCCIA15:OCCIA1h:ILCCIA1d:IUBBW15:HBBb15:TBBW1h:HBBb1h:TBBW1d:HBBb1d:B,shortATR15:AATR1:AATRD:HCCI15:OCCIA15:OCCIA1h:ILCCIA1d:IU
10/27/2020 8:30,Sell,75.88338722,148.7375865,4.028262178,0.615468824,62.23589521,13.20918522,-25.5992217,9.136620113,1.128045018,84.94290561,18.72880543,66.83863372,61.66889764,6.434979482,35.83412413,FALSE,FALSE,FALSE,0,72.85419933,22.68443687,FALSE,FALSE,shortATR15:AATR1:AATRD:HCCI15:IUCCIA15:OCCIA1h:ILCCIA1d:IUBBW15:HBBb15:TBBW1h:HBBb1h:TBBW1d:HBBb1d:B,shortATR15:AATR1:AATRD:HCCI15:IUCCIA15:OCCIA1h:ILCCIA1d:IU
10/27/2020 8:45,Sell,15.98777406,110.739948,3.773093409,0.612711596,53.05781774,13.20918522,-25.5992217,9.136620113,1.128045018,84.94290561,18.72880543,66.83863372,61.66889764,6.434979482,35.83412413,FALSE,FALSE,FALSE,0,94.75217397,95.39709663,FALSE,FALSE,shortATR15:AATR1:AATRD:HCCI15:IUCCIA15:OCCIA1h:ILCCIA1d:IUBBW15:HBBb15:TBBW1h:HBBb1h:TBBW1d:HBBb1d:B,shortATR15:AATR1:AATRD:HCCI15:IUCCIA15:OCCIA1h:ILCCIA1d:IU
10/27/2020 9:00,Sell,-41.4077769,103.5655042,4.183807694,0.62031815,32.76525988,13.20918522,-25.5992217,9.136620113,1.128045018,84.94290561,18.72880543,66.83863372,61.66889764,6.434979482,35.83412413,FALSE,FALSE,FALSE,0,144.9732811,95.39709663,FALSE,FALSE,shortATR15:AATR1:AATRD:HCCI15:ILCCIA15:OCCIA1h:ILCCIA1d:IUBBW15:HBBb15:BBBW1h:HBBb1h:TBBW1d:HBBb1d:B,shortATR15:AATR1:AATRD:HCCI15:ILCCIA15:OCCIA1h:ILCCIA1d:IU
10/27/2020 9:15,Sell,-42.33858108,50.45136069,4.007977043,0.545338938,36.66325225,-12.7127674,-21.15956821,9.323290105,0.965329563,53.62068345,18.72880543,66.83863372,61.66889764,6.434979482,35.83412413,FALSE,FALSE,FALSE,0,92.78994176,138.5600587,FALSE,FALSE,shortATR15:AATR1:AATRD:HCCI15:ILCCIA15:IUCCIA1h:ILCCIA1d:IUBBW15:HBBb15:BBBW1h:HBBb1h:TBBW1d:HBBb1d:B,shortATR15:AATR1:AATRD:HCCI15:ILCCIA15:IUCCIA1h:ILCCIA1d:IU
10/27/2020 9:30,Sell,-106.5971498,12.48025464,4.132407254,0.566879518,18.76560832,-12.7127674,-21.15956821,9.323290105,0.965329563,53.62068345,18.72880543,66.83863372,61.66889764,6.434979482,35.83412413,FALSE,FALSE,FALSE,0,119.0774044,124.5185083,FALSE,FALSE,shortATR15:AATR1:AATRD:HCCI15:UCCIA15:IUCCIA1h:ILCCIA1d:IUBBW15:HBBb15:BBBW1h:HBBb1h:TBBW1d:HBBb1d:B,shortATR15:AATR1:AATRD:HCCI15:UCCIA15:IUCCIA1h:ILCCIA1d:IU
10/27/2020 9:45,Sell,-131.1495417,-28.82292273,4.591061838,0.615908403,15.88035192,-12.7127674,-21.15956821,9.323290105,0.965329563,53.62068345,18.72880543,66.83863372,61.66889764,6.434979482,35.83412413,FALSE,FALSE,FALSE,0,102.326619,156.1976171,FALSE,FALSE,shortATR15:AATR1:AATRD:HCCI15:UCCIA15:ILCCIA1h:ILCCIA1d:IUBBW15:HBBb15:BBBW1h:HBBb1h:TBBW1d:HBBb1d:B,shortATR15:AATR1:AATRD:HCCI15:UCCIA15:ILCCIA1h:ILCCIA1d:IU
10/27/2020 10:00,Sell,-86.36863686,-56.22816339,4.913639053,0.596423506,22.71298262,-12.7127674,-21.15956821,9.323290105,0.965329563,53.62068345,18.72880543,66.83863372,61.66889764,6.434979482,35.83412413,FALSE,FALSE,FALSE,0,30.14047347,110.6450594,FALSE,FALSE,shortATR15:AATR1:AATRD:HCCI15:ILCCIA15:ILCCIA1h:ILCCIA1d:IUBBW15:HBBb15:BBBW1h:HBBb1h:TBBW1d:HBBb1d:B,shortATR15:AATR1:AATRD:HCCI15:ILCCIA15:ILCCIA1h:ILCCIA1d:IU
10/27/2020 10:15,Sell,-111.0146972,-82.25036492,5.283328101,0.638125319,14.36062674,-47.25841678,-22.3464726,9.657340812,0.715066713,42.85074763,18.72880543,66.83863372,61.66889764,6.434979482,35.83412413,FALSE,FALSE,FALSE,0,28.76433231,48.76006027,FALSE,FALSE,shortATR15:AATR1:AATRD:HCCI15:UCCIA15:ILCCIA1h:ILCCIA1d:IUBBW15:HBBb15:BBBW1h:ABBb1h:BBBW1d:HBBb1d:B,shortATR15:AATR1:AATRD:HCCI15:UCCIA15:ILCCIA1h:ILCCIA1d:IU
10/27/2020 10:30,Sell,-235.926893,-129.4051663,5.89191691,0.87791206,-7.269803612,-47.25841678,-22.3464726,9.657340812,0.715066713,42.85074763,18.72880543,66.83863372,61.66889764,6.434979482,35.83412413,FALSE,FALSE,FALSE,0,106.5217267,121.7869104,FALSE,FALSE,shortATR15:AATR1:AATRD:HCCI15:UCCIA15:UCCIA1h:ILCCIA1d:IUBBW15:HBBb15:UBBW1h:ABBb1h:BBBW1d:HBBb1d:B,shortATR15:AATR1:AATRD:HCCI15:UCCIA15:UCCIA1h:ILCCIA1d:IU
10/27/2020 10:45,Sell,-174.8400512,-140.0417071,6.057800396,0.900158813,6.797882973,-47.25841678,-22.3464726,9.657340812,0.715066713,42.85074763,18.72880543,66.83863372,61.66889764,6.434979482,35.83412413,FALSE,FALSE,FALSE,0,34.79834413,64.22427212,FALSE,FALSE,shortATR15:AATR1:AATRD:HCCI15:UCCIA15:UCCIA1h:ILCCIA1d:IUBBW15:HBBb15:BBBW1h:ABBb1h:BBBW1d:HBBb1d:B,shortATR15:AATR1:AATRD:HCCI15:UCCIA15:UCCIA1h:ILCCIA1d:IU
10/27/2020 11:00,Sell,-148.63711,-146.3537848,6.348314653,0.944730862,16.0671515,-47.25841678,-22.3464726,9.657340812,0.715066713,42.85074763,18.72880543,66.83863372,61.66889764,6.434979482,35.83412413,FALSE,FALSE,FALSE,0,2.283325179,5.499329774,FALSE,FALSE,shortATR15:AATR1:AATRD:HCCI15:UCCIA15:UCCIA1h:ILCCIA1d:IUBBW15:HBBb15:BBBW1h:ABBb1h:BBBW1d:HBBb1d:B,shortATR15:AATR1:AATRD:HCCI15:UCCIA15:UCCIA1h:ILCCIA1d:IU
10/27/2020 11:15,Buy,-60.68920753,-138.6976292,6.528792178,0.917195941,35.20956428,-74.86178692,-28.77233261,10.37824504,0.617738605,-3.875919987,18.72880543,66.83863372,61.66889764,6.434979482,35.83412413,FALSE,FALSE,FALSE,0,78.00842168,35.63799585,FALSE,FALSE,longATR15:AATR1:HATRD:HCCI15:ILCCIA15:UCCIA1h:ILCCIA1d:IUBBW15:HBBb15:BBBW1h:ABBb1h:UBBW1d:HBBb1d:B,longATR15:AATR1:HATRD:HCCI15:ILCCIA15:UCCIA1h:ILCCIA1d:IU
10/27/2020 11:30,Sell,-154.6937519,-148.6362526,6.696378451,0.991498944,15.72353196,-74.86178692,-28.77233261,10.37824504,0.617738605,-3.875919987,18.72880543,66.83863372,61.66889764,6.434979482,35.83412413,FALSE,FALSE,TRUE,1,6.057499276,13.40237179,FALSE,FALSE,shortATR15:AATR1:HATRD:HCCI15:UCCIA15:UCCIA1h:ILCCIA1d:IUBBW15:HBBb15:BBBW1h:ABBb1h:UBBW1d:HBBb1d:B,shortATR15:AATR1:HATRD:HCCI15:UCCIA15:UCCIA1h:ILCCIA1d:IU
10/27/2020 11:45,Buy,-118.8186452,-145.3150027,6.905565705,0.975898581,24.51603546,-74.86178692,-28.77233261,10.37824504,0.617738605,-3.875919987,18.72880543,66.83863372,61.66889764,6.434979482,35.83412413,TRUE,FALSE,FALSE,0,26.49635744,1.916724248,FALSE,TRUE,longATR15:AATR1:HATRD:HCCI15:UCCIA15:UCCIA1h:ILCCIA1d:IUBBW15:HBBb15:BBBW1h:ABBb1h:UBBW1d:HBBb1d:B,longATR15:AATR1:HATRD:HCCI15:UCCIA15:UCCIA1h:ILCCIA1d:IU
10/27/2020 12:00,Buy,-10.59190031,-124.650042,7.080678358,0.908717709,50.44534836,-74.86178692,-28.77233261,10.37824504,0.617738605,-3.875919987,18.72880543,66.83863372,61.66889764,6.434979482,35.83412413,FALSE,FALSE,FALSE,0,114.0581417,86.22685055,FALSE,FALSE,longATR15:AATR1:HATRD:HCCI15:ILCCIA15:UCCIA1h:ILCCIA1d:IUBBW15:HBBb15:TBBW1h:ABBb1h:UBBW1d:HBBb1d:B,longATR15:AATR1:HATRD:HCCI15:ILCCIA15:UCCIA1h:ILCCIA1d:IU
10/27/2020 12:15,Buy,-51.16373653,-106.5437994,6.992007455,0.866724587,43.16419618,-54.02391771,-32.50502401,10.83337039,0.604829573,43.92013566,18.72880543,66.83863372,61.66889764,6.434979482,35.83412413,FALSE,FALSE,FALSE,0,55.38006284,95.40967171,FALSE,FALSE,longATR15:AATR1:HATRD:HCCI15:ILCCIA15:UCCIA1h:ILCCIA1d:IUBBW15:HBBb15:BBBW1h:ABBb1h:BBBW1d:HBBb1d:B,longATR15:AATR1:HATRD:HCCI15:ILCCIA15:UCCIA1h:ILCCIA1d:IU
10/27/2020 12:30,Buy,-74.49745789,-92.66172618,6.909670188,0.805373031,37.93368237,-54.02391771,-32.50502401,10.83337039,0.604829573,43.92013566,18.72880543,66.83863372,61.66889764,6.434979482,35.83412413,FALSE,FALSE,FALSE,0,18.16426829,53.60127402,FALSE,FALSE,longATR15:AATR1:HATRD:HCCI15:ILCCIA15:ILCCIA1h:ILCCIA1d:IUBBW15:HBBb15:BBBW1h:ABBb1h:BBBW1d:HBBb1d:B,longATR15:AATR1:HATRD:HCCI15:ILCCIA15:ILCCIA1h:ILCCIA1d:IU
10/27/2020 12:45,Sell,-130.2001741,-96.35319691,6.919948848,0.760908627,21.25265556,-54.02391771,-32.50502401,10.83337039,0.604829573,43.92013566,18.72880543,66.83863372,61.66889764,6.434979482,35.83412413,FALSE,FALSE,FALSE,0,33.84697716,17.43690494,FALSE,FALSE,shortATR15:AATR1:HATRD:HCCI15:UCCIA15:ILCCIA1h:ILCCIA1d:IUBBW15:HBBb15:BBBW1h:ABBb1h:BBBW1d:HBBb1d:B,shortATR15:AATR1:HATRD:HCCI15:UCCIA15:ILCCIA1h:ILCCIA1d:IU
10/27/2020 13:00,Buy,-90.11980268,-92.18435516,6.761125971,0.660309597,33.48872289,-54.02391771,-32.50502401,10.83337039,0.604829573,43.92013566,18.72880543,66.83863372,61.66889764,6.434979482,35.83412413,FALSE,TRUE,FALSE,1,2.064552481,17.94640782,FALSE,FALSE,longATR15:AATR1:HATRD:HCCI15:ILCCIA15:ILCCIA1h:ILCCIA1d:IUBBW15:HBBb15:BBBW1h:ABBb1h:BBBW1d:HBBb1d:B,longATR15:AATR1:HATRD:HCCI15:ILCCIA15:ILCCIA1h:ILCCIA1d:IU
10/27/2020 13:15,Sell,-102.2384035,-90.250484,6.646810851,0.602641945,29.15261549,-56.40819247,-34.75612249,11.16670108,0.641305046,9.915823618,18.72880543,66.83863372,61.66889764,6.434979482,35.83412413,FALSE,TRUE,FALSE,2,11.98791946,12.64885284,FALSE,FALSE,shortATR15:AATR1:HATRD:HCCI15:UCCIA15:ILCCIA1h:ILCCIA1d:IUBBW15:HBBb15:BBBW1h:ABBb1h:BBBW1d:HBBb1d:B,shortATR15:AATR1:HATRD:HCCI15:UCCIA15:ILCCIA1h:ILCCIA1d:IU
10/27/2020 13:30,Buy,-23.9444337,-68.63324062,6.839130484,0.535270694,66.51946313,-56.40819247,-34.75612249,11.16670108,0.641305046,9.915823618,18.72880543,66.83863372,61.66889764,6.434979482,35.83412413,TRUE,FALSE,FALSE,0,44.68880692,29.06790579,FALSE,TRUE,longATR15:AATR1:HATRD:HCCI15:ILCCIA15:ILCCIA1h:ILCCIA1d:IUBBW15:ABBb15:TBBW1h:ABBb1h:BBBW1d:HBBb1d:B,longATR15:AATR1:HATRD:HCCI15:ILCCIA15:ILCCIA1h:ILCCIA1d:IU
10/27/2020 13:45,Buy,5.935127674,-64.89829544,7.24984477,0.548674898,78.87323975,-56.40819247,-34.75612249,11.16670108,0.641305046,9.915823618,18.72880543,66.83863372,61.66889764,6.434979482,35.83412413,FALSE,FALSE,FALSE,0,70.83342312,29.06790579,FALSE,FALSE,longATR15:AATR1:HATRD:HCCI15:IUCCIA15:ILCCIA1h:ILCCIA1d:IUBBW15:HBBb15:TBBW1h:ABBb1h:BBBW1d:HBBb1d:B,longATR15:AATR1:HATRD:HCCI15:IUCCIA15:ILCCIA1h:ILCCIA1d:IU
10/27/2020 14:00,Buy,-10.85785329,-55.719463,6.618488602,0.509038098,74.03062971,-56.40819247,-34.75612249,11.16670108,0.641305046,9.915823618,18.72880543,66.83863372,61.66889764,6.434979482,35.83412413,FALSE,FALSE,FALSE,0,44.8616097,60.17913688,FALSE,FALSE,longATR15:AATR1:HATRD:HCCI15:ILCCIA15:ILCCIA1h:ILCCIA1d:IUBBW15:ABBb15:TBBW1h:ABBb1h:BBBW1d:HBBb1d:B,longATR15:AATR1:HATRD:HCCI15:ILCCIA15:ILCCIA1h:ILCCIA1d:IU
10/27/2020 14:15,Buy,-25.03281155,-54.11335796,6.562831253,0.492445686,68.33183352,-35.07324854,-33.88064872,11.47622243,0.634147246,39.15575891,18.72880543,66.83863372,61.66889764,6.434979482,35.83412413,FALSE,FALSE,FALSE,0,29.08054641,31.46099677,FALSE,FALSE,longATR15:AATR1:HATRD:HCCI15:ILCCIA15:ILCCIA1h:ILCCIA1d:IUBBW15:ABBb15:TBBW1h:ABBb1h:BBBW1d:HBBb1d:B,longATR15:AATR1:HATRD:HCCI15:ILCCIA15:ILCCIA1h:ILCCIA1d:IU
10/27/2020 14:30,Sell,-59.12697484,-52.23237821,6.662935143,0.483188615,47.86458295,-35.07324854,-33.88064872,11.47622243,0.634147246,39.15575891,18.72880543,66.83863372,61.66889764,6.434979482,35.83412413,FALSE,FALSE,FALSE,0,6.894596626,6.802941228,FALSE,FALSE,shortATR15:AATR1:HATRD:HCCI15:ILCCIA15:ILCCIA1h:ILCCIA1d:IUBBW15:ABBb15:BBBW1h:ABBb1h:BBBW1d:HBBb1d:B,shortATR15:AATR1:HATRD:HCCI15:ILCCIA15:ILCCIA1h:ILCCIA1d:IU
10/27/2020 14:45,Sell,-101.3012283,-54.79339296,6.570939776,0.492386302,25.22266292,-35.07324854,-33.88064872,11.47622243,0.634147246,39.15575891,18.72880543,66.83863372,61.66889764,6.434979482,35.83412413,FALSE,FALSE,FALSE,0,46.50783531,34.20770806,FALSE,FALSE,shortATR15:AATR1:HATRD:HCCI15:UCCIA15:ILCCIA1h:ILCCIA1d:IUBBW15:ABBb15:BBBW1h:ABBb1h:BBBW1d:HBBb1d:B,shortATR15:AATR1:HATRD:HCCI15:UCCIA15:ILCCIA1h:ILCCIA1d:IU
10/27/2020 15:00,Sell,-104.564746,-55.11125916,6.687046118,0.506369351,24.30191724,-35.07324854,-33.88064872,11.47622243,0.634147246,39.15575891,18.72880543,66.83863372,61.66889764,6.434979482,35.83412413,FALSE,FALSE,FALSE,0,49.45348681,50.80697868,FALSE,FALSE,shortATR15:AATR1:HATRD:HCCI15:UCCIA15:ILCCIA1h:ILCCIA1d:IUBBW15:ABBb15:BBBW1h:ABBb1h:BBBW1d:HBBb1d:B,shortATR15:AATR1:HATRD:HCCI15:UCCIA15:ILCCIA1h:ILCCIA1d:IU
10/27/2020 15:15,Sell,-123.8771464,-66.37203883,6.760420375,0.531592794,12.55197508,-73.12489378,-42.5317548,11.78149226,0.71532031,-1.726200523,18.72880543,66.83863372,61.66889764,6.434979482,35.83412413,FALSE,FALSE,FALSE,0,57.50510754,68.2892192,FALSE,FALSE,shortATR15:AATR1:HATRD:HCCI15:UCCIA15:ILCCIA1h:ILCCIA1d:IUBBW15:ABBb15:BBBW1h:ABBb1h:UBBW1d:HBBb1d:B,shortATR15:AATR1:HATRD:HCCI15:UCCIA15:ILCCIA1h:ILCCIA1d:IU
10/27/2020 15:30,Buy,-62.94721041,-70.84371031,6.93059443,0.496632541,40.57373672,-73.12489378,-42.5317548,11.78149226,0.71532031,-1.726200523,18.72880543,66.83863372,61.66889764,6.434979482,35.83412413,FALSE,TRUE,FALSE,1,7.896499905,28.53476211,FALSE,FALSE,longATR15:AATR1:HATRD:HCCI15:ILCCIA15:ILCCIA1h:ILCCIA1d:IUBBW15:ABBb15:BBBW1h:ABBb1h:UBBW1d:HBBb1d:B,longATR15:AATR1:HATRD:HCCI15:ILCCIA15:ILCCIA1h:ILCCIA1d:IU
10/27/2020 15:45,Buy,-27.73336214,-71.66174614,6.736572379,0.486973044,54.84394994,-73.12489378,-42.5317548,11.78149226,0.71532031,-1.726200523,18.72880543,66.83863372,61.66889764,6.434979482,35.83412413,FALSE,FALSE,FALSE,0,43.92838399,28.03718551,FALSE,FALSE,longATR15:AATR1:HATRD:HCCI15:ILCCIA15:ILCCIA1h:ILCCIA1d:IUBBW15:ABBb15:TBBW1h:ABBb1h:UBBW1d:HBBb1d:B,longATR15:AATR1:HATRD:HCCI15:ILCCIA15:ILCCIA1h:ILCCIA1d:IU
10/27/2020 16:00,Sell,-126.4771581,-93.17214008,7.093398842,0.558345283,10.974785,-73.12489378,-42.5317548,11.78149226,0.71532031,-1.726200523,18.72880543,66.83863372,61.66889764,6.434979482,35.83412413,FALSE,FALSE,FALSE,0,33.30501801,18.87809486,FALSE,FALSE,shortATR15:AATR1:HATRD:HCCI15:UCCIA15:ILCCIA1h:ILCCIA1d:IUBBW15:HBBb15:BBBW1h:ABBb1h:UBBW1d:HBBb1d:B,shortATR15:AATR1:HATRD:HCCI15:UCCIA15:ILCCIA1h:ILCCIA1d:IU
10/27/2020 16:15,Sell,-151.9889601,-96.36111534,7.736255985,0.587414456,-0.213864355,-96.04454028,-56.18847048,11.92209995,0.806966375,-5.066231125,18.72880543,66.83863372,61.66889764,6.434979482,35.83412413,FALSE,FALSE,FALSE,0,55.62784478,18.87809486,FALSE,FALSE,shortATR15:HATR1:HATRD:HCCI15:UCCIA15:ILCCIA1h:ILCCIA1d:IUBBW15:HBBb15:UBBW1h:HBBb1h:UBBW1d:HBBb1d:B,shortATR15:HATR1:HATRD:HCCI15:UCCIA15:ILCCIA1h:ILCCIA1d:IU
10/27/2020 16:30,Sell,-175.9048453,-110.093907,7.380094843,0.652169061,-0.265441272,-96.04454028,-56.18847048,11.92209995,0.806966375,-5.066231125,18.72880543,66.83863372,61.66889764,6.434979482,35.83412413,FALSE,FALSE,FALSE,0,65.81093827,55.62784478,FALSE,FALSE,shortATR15:AATR1:HATRD:HCCI15:UCCIA15:UCCIA1h:ILCCIA1d:IUBBW15:HBBb15:UBBW1h:HBBb1h:UBBW1d:HBBb1d:B,shortATR15:AATR1:HATRD:HCCI15:UCCIA15:UCCIA1h:ILCCIA1d:IU
10/27/2020 16:45,Sell,-233.1728395,-133.5093326,7.287894191,0.864154039,-6.302245477,-96.04454028,-56.18847048,11.92209995,0.806966375,-5.066231125,18.72880543,66.83863372,61.66889764,6.434979482,35.83412413,FALSE,FALSE,FALSE,0,99.66350687,104.7418973,FALSE,FALSE,shortATR15:AATR1:HATRD:HCCI15:UCCIA15:UCCIA1h:ILCCIA1d:IUBBW15:HBBb15:UBBW1h:HBBb1h:UBBW1d:HBBb1d:B,shortATR15:AATR1:HATRD:HCCI15:UCCIA15:UCCIA1h:ILCCIA1d:IU
10/27/2020 17:00,Sell,-259.1531907,-136.7568765,7.555751334,0.917772975,-14.47111982,-96.04454028,-56.18847048,11.92209995,0.806966375,-5.066231125,18.72880543,66.83863372,61.66889764,6.434979482,35.83412413,FALSE,FALSE,FALSE,0,122.3963142,104.7418973,FALSE,FALSE,shortATR15:HATR1:HATRD:HCCI15:UCCIA15:UCCIA1h:ILCCIA1d:IUBBW15:HBBb15:UBBW1h:HBBb1h:UBBW1d:HBBb1d:B,shortATR15:HATR1:HATRD:HCCI15:UCCIA15:UCCIA1h:ILCCIA1d:IU
10/27/2020 17:15,Sell,-259.1531907,-136.7568765,7.555751334,0.917772975,-14.47111982,-186.5305479,-87.63339095,11.84992292,1.16975949,-18.10210911,18.72880543,66.83863372,61.66889764,6.434979482,35.83412413,FALSE,FALSE,FALSE,0,122.3963142,104.7418973,FALSE,FALSE,shortATR15:HATR1:HATRD:HCCI15:UCCIA15:UCCIA1h:ILCCIA1d:IUBBW15:HBBb15:UBBW1h:HBBb1h:UBBW1d:HBBb1d:B,shortATR15:HATR1:HATRD:HCCI15:UCCIA15:UCCIA1h:ILCCIA1d:IU
10/27/2020 17:30,Sell,-259.1531907,-136.7568765,7.555751334,0.917772975,-14.47111982,-186.5305479,-87.63339095,11.84992292,1.16975949,-18.10210911,18.72880543,66.83863372,61.66889764,6.434979482,35.83412413,FALSE,FALSE,FALSE,0,122.3963142,104.7418973,FALSE,FALSE,shortATR15:HATR1:HATRD:HCCI15:UCCIA15:UCCIA1h:ILCCIA1d:IUBBW15:HBBb15:UBBW1h:HBBb1h:UBBW1d:HBBb1d:B,shortATR15:HATR1:HATRD:HCCI15:UCCIA15:UCCIA1h:ILCCIA1d:IU
10/27/2020 17:45,Sell,-259.1531907,-136.7568765,7.555751334,0.917772975,-14.47111982,-186.5305479,-87.63339095,11.84992292,1.16975949,-18.10210911,18.72880543,66.83863372,61.66889764,6.434979482,35.83412413,FALSE,FALSE,FALSE,0,122.3963142,104.7418973,FALSE,FALSE,shortATR15:HATR1:HATRD:HCCI15:UCCIA15:UCCIA1h:ILCCIA1d:IUBBW15:HBBb15:UBBW1h:HBBb1h:UBBW1d:HBBb1d:B,shortATR15:HATR1:HATRD:HCCI15:UCCIA15:UCCIA1h:ILCCIA1d:IU
10/27/2020 18:00,Sell,-250.6198106,-154.807536,7.117332084,1.021708562,-5.048607703,-186.5305479,-87.63339095,11.84992292,1.16975949,-18.10210911,18.72880543,66.83863372,61.66889764,6.434979482,35.83412413,FALSE,FALSE,FALSE,0,95.81227465,122.3963142,FALSE,FALSE,shortATR15:AATR1:HATRD:HCCI15:UCCIA15:UCCIA1h:ILCCIA1d:IUBBW15:HBBb15:UBBW1h:HBBb1h:UBBW1d:HBBb1d:B,shortATR15:AATR1:HATRD:HCCI15:UCCIA15:UCCIA1h:ILCCIA1d:IU
10/27/2020 18:15,Sell,-296.215277,-182.5533384,7.29134918,1.309604903,-6.255108478,-186.5305479,-87.63339095,11.84992292,1.16975949,-18.10210911,18.72880543,66.83863372,61.66889764,6.434979482,35.83412413,FALSE,FALSE,FALSE,0,113.6619386,141.1744089,FALSE,FALSE,shortATR15:AATR1:HATRD:HCCI15:UCCIA15:UCCIA1h:ILCCIA1d:IUBBW15:HBBb15:UBBW1h:HBBb1h:UBBW1d:HBBb1d:B,shortATR15:AATR1:HATRD:HCCI15:UCCIA15:UCCIA1h:ILCCIA1d:IU
10/27/2020 18:30,Sell,-259.157372,-204.2161011,7.040946688,1.463248998,1.595625337,-186.5305479,-87.63339095,11.84992292,1.16975949,-18.10210911,18.72880543,66.83863372,61.66889764,6.434979482,35.83412413,FALSE,FALSE,FALSE,0,54.94127093,117.9607348,FALSE,FALSE,shortATR15:AATR1:HATRD:HCCI15:UCCIA15:UCCIA1h:ILCCIA1d:IUBBW15:HBBb15:BBBW1h:HBBb1h:UBBW1d:HBBb1d:B,shortATR15:AATR1:HATRD:HCCI15:UCCIA15:UCCIA1h:ILCCIA1d:IU
10/27/2020 18:45,Buy,-208.8555907,-223.9946506,6.703838251,1.547580294,9.948286866,-186.5305479,-87.63339095,11.84992292,1.16975949,-18.10210911,18.72880543,66.83863372,61.66889764,6.434979482,35.83412413,TRUE,FALSE,FALSE,0,15.13905994,45.58059933,FALSE,TRUE,longATR15:AATR1:HATRD:HCCI15:UCCIA15:UCCIA1h:ILCCIA1d:IUBBW15:HBBb15:BBBW1h:HBBb1h:UBBW1d:HBBb1d:B,longATR15:AATR1:HATRD:HCCI15:UCCIA15:UCCIA1h:ILCCIA1d:IU
10/27/2020 19:00,Buy,-182.4502802,-234.9311822,6.409941641,1.631382607,13.84719806,-186.5305479,-87.63339095,11.84992292,1.16975949,-18.10210911,18.72880543,66.83863372,61.66889764,6.434979482,35.83412413,FALSE,FALSE,FALSE,0,52.480902,11.15416323,FALSE,FALSE,longATR15:AATR1:HATRD:HCCI15:UCCIA15:UCCIA1h:ILCCIA1d:IUBBW15:HBBb15:BBBW1h:HBBb1h:UBBW1d:HBBb1d:B,longATR15:AATR1:HATRD:HCCI15:UCCIA15:UCCIA1h:ILCCIA1d:IU
10/27/2020 19:15,Buy,-147.7614288,-233.1527486,6.117904993,1.662674217,20.56679515,-233.2934564,-107.4373496,11.87690242,1.478027079,-16.66218735,18.72880543,66.83863372,61.66889764,6.434979482,35.83412413,FALSE,FALSE,FALSE,0,85.39131981,61.23084754,FALSE,FALSE,longATR15:AATR1:HATRD:HCCI15:UCCIA15:UCCIA1h:UCCIA1d:IUBBW15:HBBb15:BBBW1h:HBBb1h:UBBW1d:HBBb1d:B,longATR15:AATR1:HATRD:HCCI15:UCCIA15:UCCIA1h:UCCIA1d:IU
10/27/2020 19:30,Buy,-126.7748217,-220.7609499,5.832697494,1.640147797,24.75175364,-233.2934564,-107.4373496,11.87690242,1.478027079,-16.66218735,18.72880543,66.83863372,61.66889764,6.434979482,35.83412413,FALSE,FALSE,FALSE,0,93.98612828,90.21418045,FALSE,FALSE,longATR15:AATR1:HATRD:HCCI15:UCCIA15:UCCIA1h:UCCIA1d:IUBBW15:HBBb15:BBBW1h:HBBb1h:UBBW1d:HBBb1d:B,longATR15:AATR1:HATRD:HCCI15:UCCIA15:UCCIA1h:UCCIA1d:IU
10/27/2020 19:45,Buy,-111.9116158,-201.7592869,5.551280326,1.570961622,27.68069214,-233.2934564,-107.4373496,11.87690242,1.478027079,-16.66218735,18.72880543,66.83863372,61.66889764,6.434979482,35.83412413,FALSE,FALSE,FALSE,0,89.84767111,98.16139129,FALSE,FALSE,longATR15:AATR1:HATRD:HCCI15:UCCIA15:UCCIA1h:UCCIA1d:IUBBW15:HBBb15:BBBW1h:HBBb1h:UBBW1d:HBBb1d:B,longATR15:AATR1:HATRD:HCCI15:UCCIA15:UCCIA1h:UCCIA1d:IU
10/27/2020 20:00,Buy,-93.51053337,-174.7160891,5.371597037,1.478213326,32.68494725,-233.2934564,-107.4373496,11.87690242,1.478027079,-16.66218735,18.72880543,66.83863372,61.66889764,6.434979482,35.83412413,FALSE,FALSE,FALSE,0,81.20555577,96.31730381,FALSE,FALSE,longATR15:AATR1:HATRD:HCCI15:ILCCIA15:UCCIA1h:UCCIA1d:IUBBW15:HBBb15:BBBW1h:HBBb1h:UBBW1d:HBBb1d:B,longATR15:AATR1:HATRD:HCCI15:ILCCIA15:UCCIA1h:UCCIA1d:IU
10/27/2020 20:15,Buy,-87.17948718,-148.6961182,5.320819698,1.383199169,34.11296971,-199.299526,-125.5968007,11.52855224,1.63711019,2.911079638,18.72880543,66.83863372,61.66889764,6.434979482,35.83412413,FALSE,FALSE,FALSE,0,61.51663104,76.14023991,FALSE,FALSE,longATR15:AATR1:HATRD:HCCI15:ILCCIA15:UCCIA1h:UCCIA1d:IUBBW15:HBBb15:BBBW1h:HBBb1h:BBBW1d:HBBb1d:B,longATR15:AATR1:HATRD:HCCI15:ILCCIA15:UCCIA1h:UCCIA1d:IU
10/27/2020 20:30,Buy,-76.31657761,-126.8545008,5.073414209,1.29775431,38.03133807,-199.299526,-125.5968007,11.52855224,1.63711019,2.911079638,18.72880543,66.83863372,61.66889764,6.434979482,35.83412413,FALSE,FALSE,FALSE,0,50.53792319,63.78292951,FALSE,FALSE,longATR15:AATR1:HATRD:HCCI15:ILCCIA15:UCCIA1h:UCCIA1d:IUBBW15:HBBb15:BBBW1h:HBBb1h:BBBW1d:HBBb1d:B,longATR15:AATR1:HATRD:HCCI15:ILCCIA15:UCCIA1h:UCCIA1d:IU
10/27/2020 20:45,Buy,-83.13349871,-111.8320383,4.977609113,1.251339623,34.7079955,-199.299526,-125.5968007,11.52855224,1.63711019,2.911079638,18.72880543,66.83863372,61.66889764,6.434979482,35.83412413,FALSE,FALSE,FALSE,0,28.69853957,41.70343359,FALSE,FALSE,longATR15:AATR1:HATRD:HCCI15:ILCCIA15:UCCIA1h:UCCIA1d:IUBBW15:HBBb15:BBBW1h:HBBb1h:BBBW1d:HBBb1d:B,longATR15:AATR1:HATRD:HCCI15:ILCCIA15:UCCIA1h:UCCIA1d:IU
10/27/2020 21:00,Buy,-82.82602292,-101.2429574,4.856759482,1.199121049,33.97439227,-199.299526,-125.5968007,11.52855224,1.63711019,2.911079638,18.72880543,66.83863372,61.66889764,6.434979482,35.83412413,FALSE,FALSE,FALSE,0,18.41693451,24.40082603,FALSE,FALSE,longATR15:AATR1:HATRD:HCCI15:ILCCIA15:UCCIA1h:UCCIA1d:IUBBW15:HBBb15:BBBW1h:HBBb1h:BBBW1d:HBBb1d:B,longATR15:AATR1:HATRD:HCCI15:ILCCIA15:UCCIA1h:UCCIA1d:IU
10/27/2020 21:15,Buy,-64.51119825,-90.51944878,4.711378703,1.127586221,42.89193047,-180.9925711,-141.169848,11.09794137,1.7830719,4.528815959,18.72880543,66.83863372,61.66889764,6.434979482,35.83412413,FALSE,FALSE,FALSE,0,26.00825053,25.46040397,FALSE,FALSE,longATR15:AATR1:HATRD:HCCI15:ILCCIA15:ILCCIA1h:UCCIA1d:IUBBW15:HBBb15:BBBW1h:HBBb1h:BBBW1d:HBBb1d:B,longATR15:AATR1:HATRD:HCCI15:ILCCIA15:ILCCIA1h:UCCIA1d:IU
10/27/2020 21:30,Buy,-62.95102686,-83.43862758,4.459035326,0.981711426,43.26958585,-180.9925711,-141.169848,11.09794137,1.7830719,4.528815959,18.72880543,66.83863372,61.66889764,6.434979482,35.83412413,FALSE,FALSE,FALSE,0,20.48760072,23.90344146,FALSE,FALSE,longATR15:AATR1:HATRD:HCCI15:ILCCIA15:ILCCIA1h:UCCIA1d:IUBBW15:HBBb15:BBBW1h:HBBb1h:BBBW1d:HBBb1d:B,longATR15:AATR1:HATRD:HCCI15:ILCCIA15:ILCCIA1h:UCCIA1d:IU
10/27/2020 21:45,Buy,-59.0653922,-77.55436527,4.324206272,0.713198391,47.34455089,-180.9925711,-141.169848,11.09794137,1.7830719,4.528815959,18.72880543,66.83863372,61.66889764,6.434979482,35.83412413,FALSE,FALSE,FALSE,0,18.48897307,21.90662395,FALSE,FALSE,longATR15:AATR1:HATRD:HCCI15:ILCCIA15:ILCCIA1h:UCCIA1d:IUBBW15:HBBb15:BBBW1h:HBBb1h:BBBW1d:HBBb1d:B,longATR15:AATR1:HATRD:HCCI15:ILCCIA15:ILCCIA1h:UCCIA1d:IU
10/27/2020 22:00,Buy,-63.17301455,-73.76265957,4.23217113,0.547180593,43.95815268,-180.9925711,-141.169848,11.09794137,1.7830719,4.528815959,18.72880543,66.83863372,61.66889764,6.434979482,35.83412413,FALSE,FALSE,FALSE,0,10.58964503,13.42026809,FALSE,FALSE,longATR15:AATR1:HATRD:HCCI15:ILCCIA15:ILCCIA1h:UCCIA1d:IUBBW15:HBBb15:BBBW1h:HBBb1h:BBBW1d:HBBb1d:B,longATR15:AATR1:HATRD:HCCI15:ILCCIA15:ILCCIA1h:UCCIA1d:IU
10/27/2020 22:15,Buy,-68.15928529,-72.70844631,4.16201605,0.366780743,34.80423315,-158.1249268,-156.5513078,10.62665984,1.869816976,11.66429437,18.72880543,66.83863372,61.66889764,6.434979482,35.83412413,FALSE,FALSE,FALSE,0,4.549161024,3.592759691,FALSE,FALSE,longATR15:AATR1:HATRD:HCCI15:ILCCIA15:ILCCIA1h:UCCIA1d:IUBBW15:LBBb15:BBBW1h:HBBb1h:BBBW1d:HBBb1d:B,longATR15:AATR1:HATRD:HCCI15:ILCCIA15:ILCCIA1h:UCCIA1d:IU
10/27/2020 22:30,Buy,-64.47636657,-70.01952134,3.99865776,0.28938627,36.00243054,-158.1249268,-156.5513078,10.62665984,1.869816976,11.66429437,18.72880543,66.83863372,61.66889764,6.434979482,35.83412413,FALSE,FALSE,FALSE,0,5.54315477,4.176961576,FALSE,FALSE,longATR15:AATR1:HATRD:HCCI15:ILCCIA15:ILCCIA1h:UCCIA1d:IUBBW15:LBBb15:BBBW1h:HBBb1h:BBBW1d:HBBb1d:B,longATR15:AATR1:HATRD:HCCI15:ILCCIA15:ILCCIA1h:UCCIA1d:IU
10/27/2020 22:45,Buy,-53.02967564,-64.77512868,3.895437308,0.255912555,56.09929313,-158.1249268,-156.5513078,10.62665984,1.869816976,11.66429437,18.72880543,66.83863372,61.66889764,6.434979482,35.83412413,FALSE,FALSE,FALSE,0,11.74545304,11.61534463,FALSE,FALSE,longATR15:AATR1:HATRD:HCCI15:ILCCIA15:ILCCIA1h:UCCIA1d:IUBBW15:LBBb15:TBBW1h:HBBb1h:BBBW1d:HBBb1d:B,longATR15:AATR1:HATRD:HCCI15:ILCCIA15:ILCCIA1h:UCCIA1d:IU
10/27/2020 23:00,Buy,-44.20165484,-60.39354305,3.800865255,0.243387325,67.86361557,-158.1249268,-156.5513078,10.62665984,1.869816976,11.66429437,18.72880543,66.83863372,61.66889764,6.434979482,35.83412413,FALSE,FALSE,FALSE,0,16.19188821,15.66369986,FALSE,FALSE,longATR15:AATR1:HATRD:HCCI15:ILCCIA15:ILCCIA1h:UCCIA1d:IUBBW15:LBBb15:TBBW1h:HBBb1h:BBBW1d:HBBb1d:B,longATR15:AATR1:HATRD:HCCI15:ILCCIA15:ILCCIA1h:UCCIA1d:IU
10/27/2020 23:15,Buy,-42.71443781,-57.36826098,3.612283043,0.201450857,63.46469345,-152.5898529,-166.4844277,10.26046986,1.906429327,17.00611453,18.72880543,66.83863372,61.66889764,6.434979482,35.83412413,FALSE,FALSE,FALSE,0,14.65382317,16.19188821,FALSE,FALSE,longATR15:AATR1:HATRD:HCCI15:ILCCIA15:ILCCIA1h:UCCIA1d:IUBBW15:LBBb15:TBBW1h:HBBb1h:BBBW1d:HBBb1d:B,longATR15:AATR1:HATRD:HCCI15:ILCCIA15:ILCCIA1h:UCCIA1d:IU
10/27/2020 23:30,Buy,-44.76514039,-55.42591547,3.50477303,0.182000544,50.40830273,-152.5898529,-166.4844277,10.26046986,1.906429327,17.00611453,18.72880543,66.83863372,61.66889764,6.434979482,35.83412413,FALSE,FALSE,FALSE,0,10.66077508,13.75661434,FALSE,FALSE,longATR15:AATR1:HATRD:HCCI15:ILCCIA15:ILCCIA1h:UCCIA1d:IUBBW15:LBBb15:TBBW1h:HBBb1h:BBBW1d:HBBb1d:B,longATR15:AATR1:HATRD:HCCI15:ILCCIA15:ILCCIA1h:UCCIA1d:IU
10/27/2020 23:45,Buy,-49.97678501,-54.20105677,3.371779038,0.151057269,28.60126598,-152.5898529,-166.4844277,10.26046986,1.906429327,17.00611453,18.72880543,66.83863372,61.66889764,6.434979482,35.83412413,FALSE,FALSE,FALSE,0,4.224271764,6.213549709,FALSE,FALSE,longATR15:AATR1:HATRD:HCCI15:ILCCIA15:ILCCIA1h:UCCIA1d:IUBBW15:LBBb15:BBBW1h:HBBb1h:BBBW1d:HBBb1d:B,longATR15:AATR1:HATRD:HCCI15:ILCCIA15:ILCCIA1h:UCCIA1d:IU
10/28/2020 0:00,Buy,-46.96203487,-50.93995613,3.197264209,0.145453468,31.86413516,-152.5898529,-166.4844277,10.26046986,1.906429327,17.00611453,18.72880543,66.83863372,61.66889764,6.434979482,35.83412413,FALSE,FALSE,FALSE,0,3.97792126,5.870483684,FALSE,FALSE,longATR15:AATR1:HATRD:HCCI15:ILCCIA15:ILCCIA1h:UCCIA1d:IUBBW15:LBBb15:BBBW1h:HBBb1h:BBBW1d:HBBb1d:B,longATR15:AATR1:HATRD:HCCI15:ILCCIA15:ILCCIA1h:UCCIA1d:IU
10/28/2020 0:15,Sell,-59.04465562,-50.61815036,3.13470452,0.167330877,10.47527149,-147.9494311,-172.972539,9.759722008,1.922922751,18.15263743,5.157292594,57.37034907,60.24503546,6.066982918,28.80865621,FALSE,FALSE,FALSE,0,8.426505258,2.116938773,FALSE,FALSE,shortATR15:AATR1:AATRD:HCCI15:ILCCIA15:ILCCIA1h:UCCIA1d:IUBBW15:LBBb15:BBBW1h:HBBb1h:BBBW1d:HBBb1d:B,shortATR15:AATR1:AATRD:HCCI15:ILCCIA15:ILCCIA1h:UCCIA1d:IU
10/28/2020 0:30,Sell,-58.72514314,-50.96073236,3.044725626,0.174193221,14.16403126,-147.9494311,-172.972539,9.759722008,1.922922751,18.15263743,5.157292594,57.37034907,60.24503546,6.066982918,28.80865621,FALSE,FALSE,FALSE,0,7.764410784,9.784709857,FALSE,FALSE,shortATR15:AATR1:AATRD:HCCI15:ILCCIA15:ILCCIA1h:UCCIA1d:IUBBW15:LBBb15:BBBW1h:HBBb1h:BBBW1d:HBBb1d:B,shortATR15:AATR1:AATRD:HCCI15:ILCCIA15:ILCCIA1h:UCCIA1d:IU
10/28/2020 0:45,Buy,-41.22730415,-48.7243726,2.943316653,0.158582407,39.69031866,-147.9494311,-172.972539,9.759722008,1.922922751,18.15263743,5.157292594,57.37034907,60.24503546,6.066982918,28.80865621,FALSE,FALSE,FALSE,0,7.497068452,1.481279267,FALSE,FALSE,longATR15:LATR1:AATRD:HCCI15:ILCCIA15:ILCCIA1h:UCCIA1d:IUBBW15:LBBb15:BBBW1h:HBBb1h:BBBW1d:HBBb1d:B,longATR15:LATR1:AATRD:HCCI15:ILCCIA15:ILCCIA1h:UCCIA1d:IU
10/28/2020 1:00,Buy,-21.39588101,-44.98548748,2.884865463,0.150777995,64.04708062,-147.9494311,-172.972539,9.759722008,1.922922751,18.15263743,5.157292594,57.37034907,60.24503546,6.066982918,28.80865621,FALSE,FALSE,FALSE,0,23.58960647,13.71421223,FALSE,FALSE,longATR15:LATR1:AATRD:HCCI15:ILCCIA15:ILCCIA1h:UCCIA1d:IUBBW15:LBBb15:TBBW1h:HBBb1h:BBBW1d:HBBb1d:B,longATR15:LATR1:AATRD:HCCI15:ILCCIA15:ILCCIA1h:UCCIA1d:IU
10/28/2020 1:15,Buy,-33.07187101,-45.37278112,2.796150583,0.129615716,48.27983461,-141.729472,-175.063723,9.348313293,1.936323807,22.61238914,5.157292594,57.37034907,60.24503546,6.066982918,28.80865621,FALSE,FALSE,FALSE,0,12.30091011,11.54409617,FALSE,FALSE,longATR15:LATR1:AATRD:HCCI15:ILCCIA15:ILCCIA1h:UCCIA1d:IUBBW15:LBBb15:BBBW1h:HBBb1h:BBBW1d:HBBb1d:B,longATR15:LATR1:AATRD:HCCI15:ILCCIA15:ILCCIA1h:UCCIA1d:IU
10/28/2020 1:30,Buy,28.39202486,-32.32354711,2.781374521,0.143020296,86.63338747,-141.729472,-175.063723,9.348313293,1.936323807,22.61238914,5.157292594,57.37034907,60.24503546,6.066982918,28.80865621,FALSE,FALSE,FALSE,0,60.71557197,35.18580322,FALSE,FALSE,longATR15:LATR1:AATRD:HCCI15:IUCCIA15:ILCCIA1h:UCCIA1d:IUBBW15:LBBb15:TBBW1h:HBBb1h:BBBW1d:HBBb1d:B,longATR15:LATR1:AATRD:HCCI15:IUCCIA15:ILCCIA1h:UCCIA1d:IU
10/28/2020 7:15,Buy,-103.9642204,-117.2914815,5.657347131,1.131365474,23.63186395,-161.2996714,-145.4729974,11.19676671,2.074158148,1.641267997,5.157292594,57.37034907,60.24503546,6.066982918,28.80865621,FALSE,FALSE,FALSE,0,13.32726111,5.191369797,FALSE,FALSE,longATR15:AATR1:HATRD:HCCI15:UCCIA15:UCCIA1h:UCCIA1d:IUBBW15:HBBb15:BBBW1h:HBBb1h:BBBW1d:HBBb1d:B,longATR15:AATR1:HATRD:HCCI15:UCCIA15:UCCIA1h:UCCIA1d:IU
10/28/2020 7:30,Buy,-90.25401516,-107.8517639,5.486669275,0.930050601,27.72159915,-161.2996714,-145.4729974,11.19676671,2.074158148,1.641267997,5.157292594,57.37034907,60.24503546,6.066982918,28.80865621,FALSE,FALSE,FALSE,0,17.59774877,19.6876308,FALSE,FALSE,longATR15:AATR1:HATRD:HCCI15:ILCCIA15:UCCIA1h:UCCIA1d:IUBBW15:HBBb15:BBBW1h:HBBb1h:BBBW1d:HBBb1d:B,longATR15:AATR1:HATRD:HCCI15:ILCCIA15:UCCIA1h:UCCIA1d:IU
10/28/2020 7:45,Buy,-77.6633944,-99.94600938,5.43149902,0.752006085,32.23826961,-161.2996714,-145.4729974,11.19676671,2.074158148,1.641267997,5.157292594,57.37034907,60.24503546,6.066982918,28.80865621,FALSE,FALSE,FALSE,0,22.28261498,18.34772359,FALSE,FALSE,longATR15:AATR1:HATRD:HCCI15:ILCCIA15:ILCCIA1h:UCCIA1d:IUBBW15:HBBb15:BBBW1h:HBBb1h:BBBW1d:HBBb1d:B,longATR15:AATR1:HATRD:HCCI15:ILCCIA15:ILCCIA1h:UCCIA1d:IU
10/28/2020 8:00,Buy,-92.29858942,-98.92619684,5.396851131,0.643497802,18.18313067,-161.2996714,-145.4729974,11.19676671,2.074158148,1.641267997,5.157292594,57.37034907,60.24503546,6.066982918,28.80865621,FALSE,FALSE,FALSE,0,6.627607428,14.75466569,FALSE,FALSE,longATR15:AATR1:HATRD:HCCI15:ILCCIA15:ILCCIA1h:UCCIA1d:IUBBW15:HBBb15:BBBW1h:HBBb1h:BBBW1d:HBBb1d:B,longATR15:AATR1:HATRD:HCCI15:ILCCIA15:ILCCIA1h:UCCIA1d:IU
10/28/2020 8:15,Buy,-97.81140806,-99.61529918,5.628993988,0.647433885,16.17943351,-156.3160791,-146.5188284,11.14699765,2.071621908,6.504211834,5.157292594,57.37034907,60.24503546,6.066982918,28.80865621,FALSE,FALSE,FALSE,0,1.80389111,14.75466569,FALSE,FALSE,longATR15:AATR1:HATRD:HCCI15:ILCCIA15:ILCCIA1h:UCCIA1d:IUBBW15:HBBb15:BBBW1h:HBBb1h:BBBW1d:HBBb1d:B,longATR15:AATR1:HATRD:HCCI15:ILCCIA15:ILCCIA1h:UCCIA1d:IU
10/28/2020 8:30,Buy,-95.16519063,-98.39125711,5.512637275,0.628316623,15.67768687,-156.3160791,-146.5188284,11.14699765,2.071621908,6.504211834,5.157292594,57.37034907,60.24503546,6.066982918,28.80865621,FALSE,FALSE,FALSE,0,3.226066484,1.80389111,FALSE,FALSE,longATR15:AATR1:HATRD:HCCI15:ILCCIA15:ILCCIA1h:UCCIA1d:IUBBW15:HBBb15:BBBW1h:HBBb1h:BBBW1d:HBBb1d:B,longATR15:AATR1:HATRD:HCCI15:ILCCIA15:ILCCIA1h:UCCIA1d:IU
10/28/2020 8:45,Sell,-128.0230282,-102.4653137,5.958163184,0.737391313,-18.36889394,-156.3160791,-146.5188284,11.14699765,2.071621908,6.504211834,5.157292594,57.37034907,60.24503546,6.066982918,28.80865621,TRUE,FALSE,FALSE,0,25.55771444,3.226066484,FALSE,TRUE,shortATR15:AATR1:HATRD:HCCI15:UCCIA15:UCCIA1h:UCCIA1d:IUBBW15:HBBb15:UBBW1h:HBBb1h:BBBW1d:HBBb1d:B,shortATR15:AATR1:HATRD:HCCI15:UCCIA15:UCCIA1h:UCCIA1d:IU
10/28/2020 9:00,Sell,-154.418541,-108.0296277,6.104008671,0.789838008,-19.50891767,-156.3160791,-146.5188284,11.14699765,2.071621908,6.504211834,5.157292594,57.37034907,60.24503546,6.066982918,28.80865621,FALSE,FALSE,FALSE,0,46.38891333,25.55771444,FALSE,FALSE,shortATR15:AATR1:HATRD:HCCI15:UCCIA15:UCCIA1h:UCCIA1d:IUBBW15:HBBb15:UBBW1h:HBBb1h:BBBW1d:HBBb1d:B,shortATR15:AATR1:HATRD:HCCI15:UCCIA15:UCCIA1h:UCCIA1d:IU
10/28/2020 9:15,Sell,-135.6534204,-115.75663,5.712129925,0.979938333,2.817029057,-177.5371233,-150.9947848,11.83292639,2.275704272,-6.441451653,5.157292594,57.37034907,60.24503546,6.066982918,28.80865621,FALSE,FALSE,FALSE,0,19.89679036,28.43093018,FALSE,FALSE,shortATR15:AATR1:HATRD:HCCI15:UCCIA15:UCCIA1h:UCCIA1d:IUBBW15:HBBb15:BBBW1h:HBBb1h:UBBW1d:HBBb1d:B,shortATR15:AATR1:HATRD:HCCI15:UCCIA15:UCCIA1h:UCCIA1d:IU
10/28/2020 9:30,Sell,-123.3735312,-119.4961762,6.082181869,1.015310636,10.25091581,-177.5371233,-150.9947848,11.83292639,2.275704272,-6.441451653,5.157292594,57.37034907,60.24503546,6.066982918,28.80865621,FALSE,FALSE,FALSE,0,3.877355059,16.34406191,FALSE,FALSE,shortATR15:AATR1:HATRD:HCCI15:UCCIA15:UCCIA1h:UCCIA1d:IUBBW15:HBBb15:BBBW1h:HBBb1h:UBBW1d:HBBb1d:B,shortATR15:AATR1:HATRD:HCCI15:UCCIA15:UCCIA1h:UCCIA1d:IU
10/28/2020 9:45,Buy,-93.37206956,-118.1913064,6.169423981,0.960875337,26.10704609,-177.5371233,-150.9947848,11.83292639,2.275704272,-6.441451653,5.157292594,57.37034907,60.24503546,6.066982918,28.80865621,FALSE,FALSE,FALSE,0,24.81923683,11.47387485,FALSE,FALSE,longATR15:AATR1:HATRD:HCCI15:ILCCIA15:UCCIA1h:UCCIA1d:IUBBW15:HBBb15:BBBW1h:HBBb1h:UBBW1d:HBBb1d:B,longATR15:AATR1:HATRD:HCCI15:ILCCIA15:UCCIA1h:UCCIA1d:IU
10/28/2020 10:00,Sell,-157.3571879,-130.972071,7.04762839,1.120446401,1.989934784,-177.5371233,-150.9947848,11.83292639,2.275704272,-6.441451653,5.157292594,57.37034907,60.24503546,6.066982918,28.80865621,FALSE,FALSE,FALSE,0,26.3851169,12.54355776,FALSE,FALSE,shortATR15:AATR1:HATRD:HCCI15:UCCIA15:UCCIA1h:UCCIA1d:IUBBW15:HBBb15:BBBW1h:HBBb1h:UBBW1d:HBBb1d:B,shortATR15:AATR1:HATRD:HCCI15:UCCIA15:UCCIA1h:UCCIA1d:IU
10/28/2020 10:15,Sell,-187.1050242,-145.5649103,7.433256975,1.3357231,-2.362370361,-175.6780791,-159.176117,12.38057451,2.369992537,-4.640954183,5.157292594,57.37034907,60.24503546,6.066982918,28.80865621,FALSE,FALSE,FALSE,0,41.54011384,48.08763819,FALSE,FALSE,shortATR15:AATR1:HATRD:HCCI15:UCCIA15:UCCIA1h:UCCIA1d:IUBBW15:HBBb15:UBBW1h:HBBb1h:UBBW1d:HBBb1d:B,shortATR15:AATR1:HATRD:HCCI15:UCCIA15:UCCIA1h:UCCIA1d:IU
10/28/2020 10:30,Sell,-251.2743269,-168.807863,8.537514129,1.894715263,-10.1506542,-175.6780791,-159.176117,12.38057451,2.369992537,-4.640954183,5.157292594,57.37034907,60.24503546,6.066982918,28.80865621,FALSE,FALSE,FALSE,0,82.4664639,96.39589588,FALSE,FALSE,shortATR15:HATR1:HATRD:HCCI15:UCCIA15:UCCIA1h:UCCIA1d:IUBBW15:HBBb15:UBBW1h:HBBb1h:UBBW1d:HBBb1d:B,shortATR15:HATR1:HATRD:HCCI15:UCCIA15:UCCIA1h:UCCIA1d:IU
10/28/2020 10:45,Sell,-209.874323,-174.0550823,8.715956998,2.011231284,1.864342107,-175.6780791,-159.176117,12.38057451,2.369992537,-4.640954183,5.157292594,57.37034907,60.24503546,6.066982918,28.80865621,FALSE,FALSE,FALSE,0,35.81924067,70.67318991,FALSE,FALSE,shortATR15:HATR1:HATRD:HCCI15:UCCIA15:UCCIA1h:UCCIA1d:IUBBW15:HBBb15:BBBW1h:HBBb1h:UBBW1d:HBBb1d:B,shortATR15:HATR1:HATRD:HCCI15:UCCIA15:UCCIA1h:UCCIA1d:IU
10/28/2020 11:00,Sell,nan,-184.9320477,9.079358029,2.234541171,2.370420921,nan,-159.176117,12.38057451,2.369992537,-4.640954183,nan,57.37034907,60.24503546,6.066982918,28.80865621,FALSE,FALSE,FALSE,0,nan,27.29625081,FALSE,FALSE,shortATR15:HATR1:HATRD:HCCI15:ILCCIA15:UCCIA1h:UCCIA1d:IUBBW15:HBBb15:BBBW1h:HBBb1h:UBBW1d:HBBb1d:B,shortATR15:HATR1:HATRD:HCCI15:ILCCIA15:UCCIA1h:UCCIA1d:IU
10/28/2020 11:15,Sell,nan,-188.8146824,9.466546741,2.26763724,11.27751248,nan,-173.1382707,14.21053347,2.872442242,-18.73297065,nan,57.37034907,60.24503546,6.066982918,28.80865621,FALSE,FALSE,FALSE,0,nan,18.02622708,FALSE,FALSE,shortATR15:HATR1:HATRD:HCCI15:ILCCIA15:UCCIA1h:UCCIA1d:IUBBW15:HBBb15:BBBW1h:HBBb1h:UBBW1d:HBBb1d:B,shortATR15:HATR1:HATRD:HCCI15:ILCCIA15:UCCIA1h:UCCIA1d:IU
10/28/2020 11:30,Sell,nan,-199.0496595,9.496997484,2.396050439,8.877397214,nan,-173.1382707,14.21053347,2.872442242,-18.73297065,nan,57.37034907,60.24503546,6.066982918,28.80865621,FALSE,FALSE,FALSE,0,nan,19.19472629,FALSE,FALSE,shortATR15:HATR1:HATRD:HCCI15:ILCCIA15:UCCIA1h:UCCIA1d:IUBBW15:HBBb15:BBBW1h:HBBb1h:UBBW1d:HBBb1d:B,shortATR15:HATR1:HATRD:HCCI15:ILCCIA15:UCCIA1h:UCCIA1d:IU
10/28/2020 12:00,Sell,nan,-183.6494937,9.88890162,2.25538103,32.08583071,nan,-173.1382707,14.21053347,2.872442242,-18.73297065,nan,57.37034907,60.24503546,6.066982918,28.80865621,FALSE,FALSE,FALSE,0,nan,97.48231606,FALSE,FALSE,shortATR15:HATR1:HATRD:HCCI15:ILCCIA15:UCCIA1h:UCCIA1d:IUBBW15:HBBb15:BBBW1h:HBBb1h:UBBW1d:HBBb1d:B,shortATR15:HATR1:HATRD:HCCI15:ILCCIA15:UCCIA1h:UCCIA1d:IU
10/28/2020 12:15,Sell,nan,-160.7779073,9.807551505,2.147927482,39.69342861,nan,-180.6467173,14.98120965,3.068413899,0.983412259,nan,57.37034907,60.24503546,6.066982918,28.80865621,FALSE,FALSE,FALSE,0,nan,106.754155,FALSE,FALSE,shortATR15:HATR1:HATRD:HCCI15:ILCCIA15:UCCIA1h:UCCIA1d:IUBBW15:HBBb15:BBBW1h:HBBb1h:BBBW1d:HBBb1d:B,shortATR15:HATR1:HATRD:HCCI15:ILCCIA15:UCCIA1h:UCCIA1d:IU
10/28/2020 12:30,Sell,nan,-145.8011338,9.728185581,2.074277147,29.3667755,nan,-180.6467173,14.98120965,3.068413899,0.983412259,nan,57.37034907,60.24503546,6.066982918,28.80865621,FALSE,FALSE,FALSE,0,nan,64.25607255,FALSE,FALSE,shortATR15:HATR1:HATRD:HCCI15:ILCCIA15:UCCIA1h:UCCIA1d:IUBBW15:HBBb15:BBBW1h:HBBb1h:BBBW1d:HBBb1d:B,shortATR15:HATR1:HATRD:HCCI15:ILCCIA15:UCCIA1h:UCCIA1d:IU
10/28/2020 12:45,Sell,nan,-132.9794063,9.868774366,2.033037927,22.62099355,nan,-180.6467173,14.98120965,3.068413899,0.983412259,nan,57.37034907,60.24503546,6.066982918,28.80865621,FALSE,FALSE,FALSE,0,nan,32.97451614,FALSE,FALSE,shortATR15:HATR1:HATRD:HCCI15:ILCCIA15:UCCIA1h:UCCIA1d:IUBBW15:HBBb15:BBBW1h:HBBb1h:BBBW1d:HBBb1d:B,shortATR15:HATR1:HATRD:HCCI15:ILCCIA15:UCCIA1h:UCCIA1d:IU
10/28/2020 13:00,Sell,nan,-122.8372697,9.834780279,1.949488226,21.54188265,nan,-180.6467173,14.98120965,3.068413899,0.983412259,nan,57.37034907,60.24503546,6.066982918,28.80865621,FALSE,FALSE,FALSE,0,nan,21.23198888,FALSE,FALSE,shortATR15:HATR1:HATRD:HCCI15:ILCCIA15:UCCIA1h:UCCIA1d:IUBBW15:HBBb15:BBBW1h:HBBb1h:BBBW1d:HBBb1d:B,shortATR15:HATR1:HATRD:HCCI15:ILCCIA15:UCCIA1h:UCCIA1d:IU
10/28/2020 13:15,Sell,nan,-117.8472211,9.832551075,1.933990068,13.85690819,nan,-183.7550596,15.73255182,3.346947944,-2.512377217,nan,57.37034907,60.24503546,6.066982918,28.80865621,FALSE,FALSE,FALSE,0,nan,1.365147247,FALSE,FALSE,shortATR15:HATR1:HATRD:HCCI15:ILCCIA15:UCCIA1h:UCCIA1d:IUBBW15:HBBb15:BBBW1h:HBBb1h:UBBW1d:HBBb1d:B,shortATR15:HATR1:HATRD:HCCI15:ILCCIA15:UCCIA1h:UCCIA1d:IU
10/28/2020 13:30,Sell,nan,-108.5537953,9.950379059,1.814075476,25.77004873,nan,-183.7550596,15.73255182,3.346947944,-2.512377217,nan,57.37034907,60.24503546,6.066982918,28.80865621,FALSE,FALSE,FALSE,0,nan,19.0890193,FALSE,FALSE,shortATR15:HATR1:HATRD:HCCI15:ILCCIA15:UCCIA1h:UCCIA1d:IUBBW15:HBBb15:BBBW1h:HBBb1h:UBBW1d:HBBb1d:B,shortATR15:HATR1:HATRD:HCCI15:ILCCIA15:UCCIA1h:UCCIA1d:IU
10/28/2020 13:45,Sell,nan,-105.2743281,9.856984637,1.742665966,29.46730019,nan,-183.7550596,15.73255182,3.346947944,-2.512377217,nan,57.37034907,60.24503546,6.066982918,28.80865621,FALSE,FALSE,FALSE,0,nan,19.54605895,FALSE,FALSE,shortATR15:HATR1:HATRD:HCCI15:ILCCIA15:UCCIA1h:UCCIA1d:IUBBW15:HBBb15:BBBW1h:HBBb1h:UBBW1d:HBBb1d:B,shortATR15:HATR1:HATRD:HCCI15:ILCCIA15:UCCIA1h:UCCIA1d:IU
10/28/2020 14:00,Sell,nan,-104.2338475,10.33912749,1.724903027,36.36209986,nan,-183.7550596,15.73255182,3.346947944,-2.512377217,nan,57.37034907,60.24503546,6.066982918,28.80865621,FALSE,FALSE,FALSE,0,nan,27.86990405,FALSE,FALSE,shortATR15:HATR1:HATRD:HCCI15:ILCCIA15:UCCIA1h:UCCIA1d:IUBBW15:HBBb15:BBBW1h:HBBb1h:UBBW1d:HBBb1d:B,shortATR15:HATR1:HATRD:HCCI15:ILCCIA15:UCCIA1h:UCCIA1d:IU
10/28/2020 14:15,Buy,-80.1365586,-104.2338475,10.33912749,1.724903027,36.36209986,-188.5412275,-186.1876161,15.85879812,3.560296443,6.958623089,5.157292594,57.37034907,60.24503546,6.066982918,28.80865621,FALSE,FALSE,FALSE,0,24.09728887,15.13749241,FALSE,FALSE,longATR15:HATR1:HATRD:HCCI15:ILCCIA15:UCCIA1h:UCCIA1d:IUBBW15:HBBb15:BBBW1h:HBBb1h:BBBW1d:HBBb1d:B,longATR15:HATR1:HATRD:HCCI15:ILCCIA15:UCCIA1h:UCCIA1d:IU
10/28/2020 14:30,Buy,-56.24242084,-95.08948533,10.18415201,1.087469168,48.81172214,-188.5412275,-186.1876161,15.85879812,3.560296443,6.958623089,5.157292594,57.37034907,60.24503546,6.066982918,28.80865621,FALSE,FALSE,FALSE,0,38.84706449,27.81313335,FALSE,FALSE,longATR15:HATR1:HATRD:HCCI15:ILCCIA15:ILCCIA1h:UCCIA1d:IUBBW15:HBBb15:BBBW1h:HBBb1h:BBBW1d:HBBb1d:B,longATR15:HATR1:HATRD:HCCI15:ILCCIA15:ILCCIA1h:UCCIA1d:IU
10/28/2020 14:45,Buy,-69.49498899,-100.639066,10.34191666,0.877184641,35.5641602,-197.5520114,-181.7840665,15.85879812,3.560296443,6.958623089,18.72880543,73.71146633,60.24503546,6.066982918,28.80865621,FALSE,FALSE,FALSE,0,31.14407698,30.53909268,FALSE,FALSE,longATR15:HATR1:HATRD:HCCI15:ILCCIA15:UCCIA1h:UCCIA1d:IUBBW15:HBBb15:BBBW1h:HBBb1h:BBBW1d:HBBb1d:B,longATR15:HATR1:HATRD:HCCI15:ILCCIA15:UCCIA1h:UCCIA1d:IU
10/28/2020 15:00,Buy,-65.22138368,-93.23632958,10.58917771,0.712315664,52.2960286,-197.5520114,-181.7840665,15.85879812,3.560296443,6.958623089,18.72880543,73.71146633,60.24503546,6.066982918,28.80865621,FALSE,FALSE,FALSE,0,28.0149459,27.69823069,FALSE,FALSE,longATR15:HATR1:HATRD:HCCI15:ILCCIA15:ILCCIA1h:UCCIA1d:IUBBW15:HBBb15:TBBW1h:HBBb1h:BBBW1d:HBBb1d:B,longATR15:HATR1:HATRD:HCCI15:ILCCIA15:ILCCIA1h:UCCIA1d:IU
10/28/2020 15:15,Buy,-65.97070306,-84.13606792,10.57132829,0.721109598,37.02323701,-188.5412275,-185.851386,16.02959825,3.741439541,12.32433155,18.72880543,73.71146633,60.24503546,6.066982918,28.80865621,FALSE,FALSE,FALSE,0,18.16536486,22.0671316,FALSE,FALSE,longATR15:HATR1:HATRD:HCCI15:ILCCIA15:ILCCIA1h:UCCIA1d:IUBBW15:HBBb15:BBBW1h:HBBb1h:BBBW1d:HBBb1d:B,longATR15:HATR1:HATRD:HCCI15:ILCCIA15:ILCCIA1h:UCCIA1d:IU
10/28/2020 15:30,Buy,-50.95456786,-77.25171568,10.83919259,0.720041464,67.43208474,-188.5412275,-185.851386,16.02959825,3.741439541,12.32433155,18.72880543,73.71146633,60.24503546,6.066982918,28.80865621,FALSE,FALSE,FALSE,0,26.29714782,13.16118139,FALSE,FALSE,longATR15:HATR1:HATRD:HCCI15:ILCCIA15:ILCCIA1h:UCCIA1d:IUBBW15:HBBb15:TBBW1h:HBBb1h:BBBW1d:HBBb1d:B,longATR15:HATR1:HATRD:HCCI15:ILCCIA15:ILCCIA1h:UCCIA1d:IU
10/28/2020 15:45,Buy,-46.67813926,-71.26394391,11.06624006,0.724879453,36.04012819,-188.5412275,-185.851386,16.02959825,3.741439541,12.32433155,18.72880543,73.71146633,60.24503546,6.066982918,28.80865621,FALSE,FALSE,FALSE,0,24.58580466,23.69427206,FALSE,FALSE,longATR15:HATR1:HATRD:HCCI15:ILCCIA15:ILCCIA1h:UCCIA1d:IUBBW15:HBBb15:BBBW1h:HBBb1h:BBBW1d:HBBb1d:B,longATR15:HATR1:HATRD:HCCI15:ILCCIA15:ILCCIA1h:UCCIA1d:IU
10/28/2020 16:15,Sell,-109.2208059,-66.48416972,12.36380454,0.967691645,4.254895008,-163.3580011,-189.7430368,17.54534124,4.033396853,3.251670474,18.72880543,73.71146633,60.24503546,6.066982918,28.80865621,TRUE,FALSE,FALSE,0,42.7366362,23.10703554,FALSE,TRUE,shortATR15:HATR1:HATRD:HCCI15:UCCIA15:ILCCIA1h:UCCIA1d:IUBBW15:HBBb15:BBBW1h:HBBb1h:BBBW1d:HBBb1d:B,shortATR15:HATR1:HATRD:HCCI15:UCCIA15:ILCCIA1h:UCCIA1d:IU
10/28/2020 16:30,Sell,-118.3821974,-68.8576128,11.64138993,1.027987686,13.1517873,-163.3580011,-189.7430368,17.54534124,4.033396853,3.251670474,18.72880543,73.71146633,60.24503546,6.066982918,28.80865621,FALSE,FALSE,FALSE,0,49.5245846,47.09039198,FALSE,FALSE,shortATR15:HATR1:HATRD:HCCI15:UCCIA15:ILCCIA1h:UCCIA1d:IUBBW15:HBBb15:BBBW1h:HBBb1h:BBBW1d:HBBb1d:B,shortATR15:HATR1:HATRD:HCCI15:UCCIA15:ILCCIA1h:UCCIA1d:IU
10/28/2020 16:45,Sell,-86.24629543,-75.1318266,11.34557637,0.995824749,29.96539024,-163.3580011,-189.7430368,17.54534124,4.033396853,3.251670474,18.72880543,73.71146633,60.24503546,6.066982918,28.80865621,FALSE,FALSE,FALSE,0,11.11446883,50.45876594,FALSE,FALSE,shortATR15:HATR1:HATRD:HCCI15:ILCCIA15:ILCCIA1h:UCCIA1d:IUBBW15:HBBb15:BBBW1h:HBBb1h:BBBW1d:HBBb1d:B,shortATR15:HATR1:HATRD:HCCI15:ILCCIA15:ILCCIA1h:UCCIA1d:IU
10/28/2020 17:00,Sell,-86.24629543,-75.1318266,11.8991478,1.005433095,25.11966152,-163.3580011,-189.7430368,17.54534124,4.033396853,3.251670474,18.72880543,73.71146633,60.24503546,6.066982918,28.80865621,FALSE,FALSE,FALSE,0,11.11446883,50.45876594,FALSE,FALSE,shortATR15:HATR1:HATRD:HCCI15:ILCCIA15:ILCCIA1h:UCCIA1d:IUBBW15:HBBb15:BBBW1h:HBBb1h:BBBW1d:HBBb1d:B,shortATR15:HATR1:HATRD:HCCI15:ILCCIA15:ILCCIA1h:UCCIA1d:IU
10/28/2020 17:15,Sell,-86.24629543,-75.1318266,11.8991478,1.005433095,25.11966152,-160.8053661,-188.7162873,16.47276872,4.26750216,17.95764718,18.72880543,73.71146633,60.24503546,6.066982918,28.80865621,FALSE,FALSE,FALSE,0,11.11446883,50.45876594,FALSE,FALSE,shortATR15:HATR1:HATRD:HCCI15:ILCCIA15:ILCCIA1h:UCCIA1d:IUBBW15:HBBb15:BBBW1h:HBBb1h:BBBW1d:HBBb1d:B,shortATR15:HATR1:HATRD:HCCI15:ILCCIA15:ILCCIA1h:UCCIA1d:IU
10/28/2020 17:30,Sell,-86.24629543,-75.1318266,11.8991478,1.005433095,25.11966152,-160.8053661,-188.7162873,16.47276872,4.26750216,17.95764718,18.72880543,73.71146633,60.24503546,6.066982918,28.80865621,FALSE,FALSE,FALSE,0,11.11446883,50.45876594,FALSE,FALSE,shortATR15:HATR1:HATRD:HCCI15:ILCCIA15:ILCCIA1h:UCCIA1d:IUBBW15:HBBb15:BBBW1h:HBBb1h:BBBW1d:HBBb1d:B,shortATR15:HATR1:HATRD:HCCI15:ILCCIA15:ILCCIA1h:UCCIA1d:IU
10/28/2020 17:45,Sell,-86.24629543,-75.1318266,11.8991478,1.005433095,25.11966152,-160.8053661,-188.7162873,16.47276872,4.26750216,17.95764718,18.72880543,73.71146633,60.24503546,6.066982918,28.80865621,FALSE,FALSE,FALSE,0,11.11446883,50.45876594,FALSE,FALSE,shortATR15:HATR1:HATRD:HCCI15:ILCCIA15:ILCCIA1h:UCCIA1d:IUBBW15:HBBb15:BBBW1h:HBBb1h:BBBW1d:HBBb1d:B,shortATR15:HATR1:HATRD:HCCI15:ILCCIA15:ILCCIA1h:UCCIA1d:IU
10/28/2020 18:00,Sell,-90.68293266,-77.52487037,11.34709771,0.947663572,30.14572088,-160.8053661,-188.7162873,16.47276872,4.26750216,17.95764718,18.72880543,73.71146633,60.24503546,6.066982918,28.80865621,FALSE,FALSE,FALSE,0,13.15806229,10.1749959,FALSE,FALSE,shortATR15:HATR1:HATRD:HCCI15:ILCCIA15:ILCCIA1h:UCCIA1d:IUBBW15:HBBb15:BBBW1h:HBBb1h:BBBW1d:HBBb1d:B,shortATR15:HATR1:HATRD:HCCI15:ILCCIA15:ILCCIA1h:UCCIA1d:IU
10/28/2020 18:15,Buy,-69.33102868,-81.16223451,10.75470298,0.802525291,37.89419961,-160.8053661,-188.7162873,16.47276872,4.26750216,17.95764718,18.72880543,73.71146633,60.24503546,6.066982918,28.80865621,FALSE,TRUE,FALSE,1,11.83120583,11.10748118,FALSE,FALSE,longATR15:HATR1:HATRD:HCCI15:ILCCIA15:ILCCIA1h:UCCIA1d:IUBBW15:HBBb15:BBBW1h:HBBb1h:BBBW1d:HBBb1d:B,longATR15:HATR1:HATRD:HCCI15:ILCCIA15:ILCCIA1h:UCCIA1d:IU
10/28/2020 18:30,Buy,-62.20100632,-81.64228103,10.20589766,0.728181391,50.31397247,-160.8053661,-188.7162873,16.47276872,4.26750216,17.95764718,18.72880543,73.71146633,60.24503546,6.066982918,28.80865621,TRUE,FALSE,FALSE,0,19.44127471,14.36312774,FALSE,TRUE,longATR15:HATR1:HATRD:HCCI15:ILCCIA15:ILCCIA1h:UCCIA1d:IUBBW15:HBBb15:TBBW1h:HBBb1h:BBBW1d:HBBb1d:B,longATR15:HATR1:HATRD:HCCI15:ILCCIA15:ILCCIA1h:UCCIA1d:IU
10/28/2020 18:45,Buy,-47.22222222,-83.2489151,9.610833546,0.714881859,53.30494161,-160.8053661,-188.7162873,16.47276872,4.26750216,17.95764718,18.72880543,73.71146633,60.24503546,6.066982918,28.80865621,FALSE,FALSE,FALSE,0,36.02669287,24.55589357,FALSE,FALSE,longATR15:HATR1:HATRD:HCCI15:ILCCIA15:ILCCIA1h:UCCIA1d:IUBBW15:HBBb15:TBBW1h:HBBb1h:BBBW1d:HBBb1d:B,longATR15:HATR1:HATRD:HCCI15:ILCCIA15:ILCCIA1h:UCCIA1d:IU
10/28/2020 19:00,Buy,-48.01691945,-83.32664123,9.241947476,0.710896846,53.69879675,-160.8053661,-188.7162873,16.47276872,4.26750216,17.95764718,18.72880543,73.71146633,60.24503546,6.066982918,28.80865621,FALSE,FALSE,FALSE,0,35.30972179,42.12182218,FALSE,FALSE,longATR15:HATR1:HATRD:HCCI15:ILCCIA15:ILCCIA1h:UCCIA1d:IUBBW15:HBBb15:TBBW1h:HBBb1h:BBBW1d:HBBb1d:B,longATR15:HATR1:HATRD:HCCI15:ILCCIA15:ILCCIA1h:UCCIA1d:IU
10/28/2020 19:15,Buy,-47.58658187,-74.58322888,8.831808371,0.691764276,47.35593008,-135.4772234,-186.591614,15.88294891,4.198472337,25.23708704,18.72880543,73.71146633,60.24503546,6.066982918,28.80865621,FALSE,FALSE,FALSE,0,26.99664701,30.99402767,FALSE,FALSE,longATR15:HATR1:HATRD:HCCI15:ILCCIA15:ILCCIA1h:UCCIA1d:IUBBW15:HBBb15:BBBW1h:HBBb1h:BBBW1d:HBBb1d:B,longATR15:HATR1:HATRD:HCCI15:ILCCIA15:ILCCIA1h:UCCIA1d:IU
10/28/2020 19:30,Sell,-89.01612833,-64.46956952,8.734128181,0.71502005,29.69166248,-135.4772234,-186.591614,15.88294891,4.198472337,25.23708704,18.72880543,73.71146633,60.24503546,6.066982918,28.80865621,TRUE,FALSE,FALSE,0,24.54655881,19.69681892,FALSE,TRUE,shortATR15:HATR1:HATRD:HCCI15:ILCCIA15:ILCCIA1h:UCCIA1d:IUBBW15:HBBb15:BBBW1h:HBBb1h:BBBW1d:HBBb1d:B,shortATR15:HATR1:HATRD:HCCI15:ILCCIA15:ILCCIA1h:UCCIA1d:IU
10/28/2020 19:45,Sell,-74.48630137,-64.86525993,8.393425148,0.702265237,43.59596909,-135.4772234,-186.591614,15.88294891,4.198472337,25.23708704,18.72880543,73.71146633,60.24503546,6.066982918,28.80865621,FALSE,FALSE,FALSE,0,9.621041436,28.17601313,FALSE,FALSE,shortATR15:HATR1:HATRD:HCCI15:ILCCIA15:ILCCIA1h:UCCIA1d:IUBBW15:HBBb15:BBBW1h:HBBb1h:BBBW1d:HBBb1d:B,shortATR15:HATR1:HATRD:HCCI15:ILCCIA15:ILCCIA1h:UCCIA1d:IU
10/28/2020 20:00,Buy,-23.39537507,-62.55145546,8.094915188,0.679494942,59.36722823,-135.4772234,-186.591614,15.88294891,4.198472337,25.23708704,18.72880543,73.71146633,60.24503546,6.066982918,28.80865621,TRUE,FALSE,FALSE,0,39.15608039,13.92398689,FALSE,TRUE,longATR15:HATR1:HATRD:HCCI15:ILCCIA15:ILCCIA1h:UCCIA1d:IUBBW15:HBBb15:TBBW1h:HBBb1h:BBBW1d:HBBb1d:B,longATR15:HATR1:HATRD:HCCI15:ILCCIA15:ILCCIA1h:UCCIA1d:IU
10/28/2020 20:15,Buy,28.19237148,-55.98921923,8.048594716,0.713550148,75.95324514,-116.125425,-173.8432191,15.49845256,4.077120227,27.85679631,18.72880543,73.71146633,60.24503546,6.066982918,28.80865621,FALSE,FALSE,FALSE,0,84.18159071,38.02615152,FALSE,FALSE,longATR15:HATR1:HATRD:HCCI15:IUCCIA15:ILCCIA1h:UCCIA1d:IUBBW15:HBBb15:TBBW1h:HBBb1h:BBBW1d:HBBb1d:B,longATR15:HATR1:HATRD:HCCI15:IUCCIA15:ILCCIA1h:UCCIA1d:IU
10/28/2020 20:30,Buy,86.34444934,-43.07587955,8.006858358,0.736459037,84.87155731,-116.125425,-173.8432191,15.49845256,4.077120227,27.85679631,18.72880543,73.71146633,60.24503546,6.066982918,28.80865621,FALSE,FALSE,FALSE,0,129.4203289,83.14629286,FALSE,FALSE,longATR15:HATR1:HATRD:HCCI15:IUCCIA15:ILCCIA1h:UCCIA1d:IUBBW15:HBBb15:TBBW1h:HBBb1h:BBBW1d:HBBb1d:B,longATR15:HATR1:HATRD:HCCI15:IUCCIA15:ILCCIA1h:UCCIA1d:IU
10/28/2020 20:45,Buy,87.75868652,-23.99492647,7.636470517,0.788386692,85.75989359,-116.125425,-173.8432191,15.49845256,4.077120227,27.85679631,18.72880543,73.71146633,60.24503546,6.066982918,28.80865621,FALSE,FALSE,FALSE,0,111.753613,128.7292718,FALSE,FALSE,longATR15:HATR1:HATRD:HCCI15:IUCCIA15:ILCCIA1h:UCCIA1d:IUBBW15:HBBb15:TBBW1h:HBBb1h:BBBW1d:HBBb1d:B,longATR15:HATR1:HATRD:HCCI15:IUCCIA15:ILCCIA1h:UCCIA1d:IU
10/28/2020 21:00,Buy,100.4251369,-4.598411329,7.292538949,0.801589423,82.88854516,-116.125425,-173.8432191,15.49845256,4.077120227,27.85679631,18.72880543,73.71146633,60.24503546,6.066982918,28.80865621,FALSE,FALSE,FALSE,0,105.0235482,107.7499475,FALSE,FALSE,longATR15:AATR1:HATRD:HCCI15:OCCIA15:ILCCIA1h:UCCIA1d:IUBBW15:HBBb15:TBBW1h:HBBb1h:BBBW1d:HBBb1d:B,longATR15:AATR1:HATRD:HCCI15:OCCIA15:ILCCIA1h:UCCIA1d:IU
10/28/2020 21:15,Buy,119.1572611,16.54611993,7.140265759,0.901491421,89.50447192,-108.4438209,-160.7381728,15.31999167,3.846090703,35.5287381,18.72880543,73.71146633,60.24503546,6.066982918,28.80865621,FALSE,FALSE,FALSE,0,102.6111412,97.85885315,FALSE,FALSE,longATR15:AATR1:HATRD:HCCI15:OCCIA15:IUCCIA1h:UCCIA1d:IUBBW15:HBBb15:TBBW1h:HBBb1h:BBBW1d:HBBb1d:B,longATR15:AATR1:HATRD:HCCI15:OCCIA15:IUCCIA1h:UCCIA1d:IU
10/28/2020 21:30,Buy,112.7035111,46.28517556,6.813920245,0.932216784,86.68829646,-108.4438209,-160.7381728,15.31999167,3.846090703,35.5287381,18.72880543,73.71146633,60.24503546,6.066982918,28.80865621,FALSE,FALSE,FALSE,0,66.41833554,85.01743313,FALSE,FALSE,longATR15:AATR1:HATRD:HCCI15:OCCIA15:IUCCIA1h:UCCIA1d:IUBBW15:HBBb15:TBBW1h:HBBb1h:BBBW1d:HBBb1d:B,longATR15:AATR1:HATRD:HCCI15:OCCIA15:IUCCIA1h:UCCIA1d:IU
10/28/2020 21:45,Buy,143.852146,73.02657734,6.610374922,1.022220053,88.47835991,-108.4438209,-160.7381728,15.31999167,3.846090703,35.5287381,18.72880543,73.71146633,60.24503546,6.066982918,28.80865621,FALSE,FALSE,FALSE,0,70.82556868,46.28975605,FALSE,FALSE,longATR15:AATR1:HATRD:HCCI15:OCCIA15:IUCCIA1h:UCCIA1d:IUBBW15:HBBb15:TBBW1h:HBBb1h:BBBW1d:HBBb1d:B,longATR15:AATR1:HATRD:HCCI15:OCCIA15:IUCCIA1h:UCCIA1d:IU
10/28/2020 22:00,Buy,149.8897221,96.91908035,6.488970591,0.945458776,82.48750149,-108.4438209,-160.7381728,15.31999167,3.846090703,35.5287381,18.72880543,73.71146633,60.24503546,6.066982918,28.80865621,FALSE,FALSE,FALSE,0,52.97064175,54.75524328,FALSE,FALSE,longATR15:AATR1:HATRD:HCCI15:OCCIA15:IUCCIA1h:UCCIA1d:IUBBW15:HBBb15:TBBW1h:HBBb1h:BBBW1d:HBBb1d:B,longATR15:AATR1:HATRD:HCCI15:OCCIA15:IUCCIA1h:UCCIA1d:IU
10/28/2020 22:15,Buy,128.6159324,114.3044162,6.175982895,0.877935781,78.29961023,-87.1697415,-148.0084313,14.88642083,3.477711026,41.33089997,18.72880543,73.71146633,60.24503546,6.066982918,28.80865621,FALSE,FALSE,FALSE,0,14.3115162,41.51619027,FALSE,FALSE,longATR15:AATR1:HATRD:HCCI15:OCCIA15:OCCIA1h:UCCIA1d:IUBBW15:HBBb15:TBBW1h:HBBb1h:BBBW1d:HBBb1d:B,longATR15:AATR1:HATRD:HCCI15:OCCIA15:OCCIA1h:UCCIA1d:IU
10/28/2020 22:30,Sell,111.8816765,120.3431994,5.91979024,0.860892048,75.80359236,-87.1697415,-148.0084313,14.88642083,3.477711026,41.33089997,18.72880543,73.71146633,60.24503546,6.066982918,28.80865621,FALSE,FALSE,TRUE,1,8.461522912,9.651521728,FALSE,FALSE,shortATR15:AATR1:HATRD:HCCI15:OCCIA15:OCCIA1h:UCCIA1d:IUBBW15:HBBb15:TBBW1h:HBBb1h:BBBW1d:HBBb1d:B,shortATR15:AATR1:HATRD:HCCI15:OCCIA15:OCCIA1h:UCCIA1d:IU
10/28/2020 22:45,Sell,113.0721649,123.7893409,5.615570529,0.815763411,72.88825666,-87.1697415,-148.0084313,14.88642083,3.477711026,41.33089997,18.72880543,73.71146633,60.24503546,6.066982918,28.80865621,FALSE,FALSE,TRUE,2,10.71717593,13.89227507,FALSE,FALSE,shortATR15:AATR1:HATRD:HCCI15:OCCIA15:OCCIA1h:UCCIA1d:IUBBW15:HBBb15:TBBW1h:HBBb1h:BBBW1d:HBBb1d:B,shortATR15:AATR1:HATRD:HCCI15:OCCIA15:OCCIA1h:UCCIA1d:IU
10/28/2020 23:00,Sell,94.0198883,125.5960592,5.367519572,0.786826448,69.9074798,-87.1697415,-148.0084313,14.88642083,3.477711026,41.33089997,18.72880543,73.71146633,60.24503546,6.066982918,28.80865621,TRUE,FALSE,FALSE,0,31.57617087,14.61120992,FALSE,TRUE,shortATR15:AATR1:HATRD:HCCI15:IUCCIA15:OCCIA1h:UCCIA1d:IUBBW15:HBBb15:TBBW1h:HBBb1h:BBBW1d:HBBb1d:B,shortATR15:AATR1:HATRD:HCCI15:IUCCIA15:OCCIA1h:UCCIA1d:IU
10/28/2020 23:15,Sell,91.65679632,122.0050059,5.151217154,0.769582541,70.44783805,-69.68006326,-133.5267904,14.0909622,3.096544265,42.17350756,18.72880543,73.71146633,60.24503546,6.066982918,28.80865621,FALSE,FALSE,FALSE,0,30.34820958,32.64930388,FALSE,FALSE,shortATR15:AATR1:HATRD:HCCI15:IUCCIA15:OCCIA1h:UCCIA1d:IUBBW15:HBBb15:TBBW1h:HBBb1h:BBBW1d:HBBb1d:B,shortATR15:AATR1:HATRD:HCCI15:IUCCIA15:OCCIA1h:UCCIA1d:IU
10/28/2020 23:30,Sell,100.1712121,118.9983324,5.118732255,0.768693923,74.17410402,-69.68006326,-133.5267904,14.0909622,3.096544265,42.17350756,18.72880543,73.71146633,60.24503546,6.066982918,28.80865621,FALSE,FALSE,FALSE,0,18.82712025,31.89845872,FALSE,FALSE,shortATR15:AATR1:HATRD:HCCI15:OCCIA15:OCCIA1h:UCCIA1d:IUBBW15:HBBb15:TBBW1h:HBBb1h:BBBW1d:HBBb1d:B,shortATR15:AATR1:HATRD:HCCI15:OCCIA15:OCCIA1h:UCCIA1d:IU
10/28/2020 23:45,Sell,108.6308881,112.758199,4.885761584,0.749080992,71.04869547,-69.68006326,-133.5267904,14.0909622,3.096544265,42.17350756,18.72880543,73.71146633,60.24503546,6.066982918,28.80865621,FALSE,FALSE,FALSE,0,4.127310823,14.68481797,FALSE,FALSE,shortATR15:AATR1:HATRD:HCCI15:OCCIA15:OCCIA1h:UCCIA1d:IUBBW15:HBBb15:TBBW1h:HBBb1h:BBBW1d:HBBb1d:B,shortATR15:AATR1:HATRD:HCCI15:OCCIA15:OCCIA1h:UCCIA1d:IU
10/29/2020 0:00,Buy,109.6974029,106.8640798,4.720452083,0.730840447,77.69970974,-69.68006326,-133.5267904,14.0909622,3.096544265,42.17350756,18.72880543,73.71146633,60.24503546,6.066982918,28.80865621,FALSE,FALSE,FALSE,0,2.833323091,2.061276368,FALSE,FALSE,longATR15:AATR1:HATRD:HCCI15:OCCIA15:OCCIA1h:UCCIA1d:IUBBW15:HBBb15:TBBW1h:HBBb1h:BBBW1d:HBBb1d:B,longATR15:AATR1:HATRD:HCCI15:OCCIA15:OCCIA1h:UCCIA1d:IU
10/29/2020 0:15,Buy,106.4792341,104.1614328,4.450878975,0.595715503,75.94085321,-66.93241022,-120.1442278,13.56660776,2.748019578,49.434557,5.157292594,64.82935714,64.69068581,7.14648267,-15.10950876,FALSE,FALSE,FALSE,0,2.317801337,6.458631848,FALSE,FALSE,longATR15:AATR1:HATRD:HCCI15:OCCIA15:OCCIA1h:UCCIA1d:IUBBW15:HBBb15:TBBW1h:HBBb1h:BBBW1d:HBBb1d:U,longATR15:AATR1:HATRD:HCCI15:OCCIA15:OCCIA1h:UCCIA1d:IU
10/29/2020 0:30,Buy,109.3679708,103.3896553,4.300050885,0.48881797,84.08796078,-66.93241022,-120.1442278,13.56660776,2.748019578,49.434557,5.157292594,64.82935714,64.69068581,7.14648267,-15.10950876,FALSE,FALSE,FALSE,0,5.978315512,3.604508634,FALSE,FALSE,longATR15:AATR1:HATRD:HCCI15:OCCIA15:OCCIA1h:UCCIA1d:IUBBW15:ABBb15:TBBW1h:HBBb1h:BBBW1d:HBBb1d:U,longATR15:AATR1:HATRD:HCCI15:OCCIA15:OCCIA1h:UCCIA1d:IU
10/29/2020 7:30,Sell,-200.7703418,-118.0504061,6.700492875,0.884160452,-2.600618323,-49.43235679,-50.9070849,12.60240122,1.161704943,40.83694278,5.157292594,64.82935714,64.69068581,7.14648267,-15.10950876,FALSE,FALSE,FALSE,0,82.71993574,10.82691812,FALSE,FALSE,shortATR15:AATR1:HATRD:HCCI15:UCCIA15:UCCIA1h:ILCCIA1d:IUBBW15:HBBb15:UBBW1h:HBBb1h:BBBW1d:HBBb1d:U,shortATR15:AATR1:HATRD:HCCI15:UCCIA15:UCCIA1h:ILCCIA1d:IU
10/29/2020 7:45,Sell,-217.1385914,-142.711469,7.204029098,0.949971432,-15.95453756,-49.43235679,-50.9070849,12.60240122,1.161704943,40.83694278,5.157292594,64.82935714,64.69068581,7.14648267,-15.10950876,FALSE,FALSE,FALSE,0,74.42712239,67.73535159,FALSE,FALSE,shortATR15:AATR1:HATRD:HCCI15:UCCIA15:UCCIA1h:ILCCIA1d:IUBBW15:HBBb15:UBBW1h:HBBb1h:BBBW1d:HBBb1d:U,shortATR15:AATR1:HATRD:HCCI15:UCCIA15:UCCIA1h:ILCCIA1d:IU
10/29/2020 8:00,Sell,-243.9326838,-163.2188118,7.689455591,1.177100012,-23.94996608,-49.43235679,-50.9070849,12.60240122,1.161704943,40.83694278,5.157292594,64.82935714,64.69068581,7.14648267,-15.10950876,FALSE,FALSE,FALSE,0,80.71387204,62.90640963,FALSE,FALSE,shortATR15:HATR1:HATRD:HCCI15:UCCIA15:UCCIA1h:ILCCIA1d:IUBBW15:HBBb15:UBBW1h:HBBb1h:BBBW1d:HBBb1d:U,shortATR15:HATR1:HATRD:HCCI15:UCCIA15:UCCIA1h:ILCCIA1d:IU
10/29/2020 8:15,Sell,-282.1926775,-182.4596895,7.675923049,1.279641292,0.711444941,-59.50769962,-48.40707726,13.79151542,1.397082979,-13.22359163,5.157292594,64.82935714,64.69068581,7.14648267,-15.10950876,FALSE,FALSE,FALSE,0,99.73298807,71.71849336,FALSE,FALSE,shortATR15:HATR1:HATRD:HCCI15:UCCIA15:UCCIA1h:ILCCIA1d:IUBBW15:HBBb15:BBBW1h:HBBb1h:UBBW1d:HBBb1d:U,shortATR15:HATR1:HATRD:HCCI15:UCCIA15:UCCIA1h:ILCCIA1d:IU
10/29/2020 8:30,Sell,-236.4894969,-199.1667164,7.449071402,1.367915351,6.654937964,-59.50769962,-48.40707726,13.79151542,1.397082979,-13.22359163,5.157292594,64.82935714,64.69068581,7.14648267,-15.10950876,FALSE,FALSE,FALSE,0,37.32278057,96.86362136,FALSE,FALSE,shortATR15:AATR1:HATRD:HCCI15:UCCIA15:UCCIA1h:ILCCIA1d:IUBBW15:HBBb15:BBBW1h:HBBb1h:UBBW1d:HBBb1d:U,shortATR15:AATR1:HATRD:HCCI15:UCCIA15:UCCIA1h:ILCCIA1d:IU
10/29/2020 8:45,Buy,-205.6725818,-207.9927593,8.024137731,1.415641585,20.40100414,-59.50769962,-48.40707726,13.79151542,1.397082979,-13.22359163,5.157292594,64.82935714,64.69068581,7.14648267,-15.10950876,FALSE,TRUE,FALSE,1,2.320177489,33.24619392,FALSE,FALSE,longATR15:HATR1:HATRD:HCCI15:UCCIA15:UCCIA1h:ILCCIA1d:IUBBW15:HBBb15:BBBW1h:HBBb1h:UBBW1d:HBBb1d:U,longATR15:HATR1:HATRD:HCCI15:UCCIA15:UCCIA1h:ILCCIA1d:IU
10/29/2020 9:00,Buy,-140.9596537,-216.2181421,8.04027075,1.411560874,29.07910135,-59.50769962,-48.40707726,13.79151542,1.397082979,-13.22359163,5.157292594,64.82935714,64.69068581,7.14648267,-15.10950876,TRUE,FALSE,FALSE,0,75.25848849,12.30315372,FALSE,TRUE,longATR15:HATR1:HATRD:HCCI15:UCCIA15:UCCIA1h:ILCCIA1d:IUBBW15:HBBb15:BBBW1h:HBBb1h:UBBW1d:HBBb1d:U,longATR15:HATR1:HATRD:HCCI15:UCCIA15:UCCIA1h:ILCCIA1d:IU
10/29/2020 9:15,Buy,-113.2541346,-205.9335012,7.500284473,1.399559269,31.17493518,-101.978567,-48.55875088,14.2349786,1.453966304,19.3313238,5.157292594,64.82935714,64.69068581,7.14648267,-15.10950876,FALSE,FALSE,FALSE,0,92.67936656,105.9154577,FALSE,FALSE,longATR15:HATR1:HATRD:HCCI15:UCCIA15:UCCIA1h:ILCCIA1d:IUBBW15:HBBb15:BBBW1h:HBBb1h:BBBW1d:HBBb1d:U,longATR15:HATR1:HATRD:HCCI15:UCCIA15:UCCIA1h:ILCCIA1d:IU
10/29/2020 9:30,Buy,-113.2541346,-205.9335012,7.785998759,1.405709567,28.68011032,-101.978567,-48.55875088,14.2349786,1.453966304,19.3313238,5.157292594,64.82935714,64.69068581,7.14648267,-15.10950876,FALSE,FALSE,FALSE,0,92.67936656,105.9154577,FALSE,FALSE,longATR15:HATR1:HATRD:HCCI15:UCCIA15:UCCIA1h:ILCCIA1d:IUBBW15:HBBb15:BBBW1h:HBBb1h:BBBW1d:HBBb1d:U,longATR15:HATR1:HATRD:HCCI15:UCCIA15:UCCIA1h:ILCCIA1d:IU
10/29/2020 9:45,Buy,-143.3029121,-180.5487558,8.561705312,1.52819116,14.50939148,-101.978567,-49.79465506,14.2349786,1.453966304,19.3313238,5.157292594,66.83863372,64.69068581,7.14648267,-15.10950876,FALSE,FALSE,FALSE,0,37.24584368,87.60858568,FALSE,FALSE,longATR15:HATR1:HATRD:HCCI15:UCCIA15:UCCIA1h:ILCCIA1d:IUBBW15:HBBb15:BBBW1h:HBBb1h:BBBW1d:HBBb1d:U,longATR15:HATR1:HATRD:HCCI15:UCCIA15:UCCIA1h:ILCCIA1d:IU
10/29/2020 10:00,Buy,-77.94655415,-167.9700343,9.99734881,1.363917925,54.50510434,-101.978567,-49.79465506,14.2349786,1.453966304,19.3313238,5.157292594,66.83863372,64.69068581,7.14648267,-15.10950876,FALSE,FALSE,FALSE,0,90.02348017,37.24584368,FALSE,FALSE,longATR15:HATR1:HATRD:HCCI15:ILCCIA15:UCCIA1h:ILCCIA1d:IUBBW15:HBBb15:TBBW1h:HBBb1h:BBBW1d:HBBb1d:U,longATR15:HATR1:HATRD:HCCI15:ILCCIA15:UCCIA1h:ILCCIA1d:IU
10/29/2020 10:30,Buy,5.112079113,-118.0606631,10.97666811,1.310885895,88.98934067,-94.34338309,-55.23622789,15.55748013,1.467525177,35.06455482,5.157292594,66.83863372,64.69068581,7.14648267,-15.10950876,FALSE,FALSE,FALSE,0,123.1727422,100.9786181,FALSE,FALSE,longATR15:HATR1:HATRD:HCCI15:IUCCIA15:UCCIA1h:ILCCIA1d:IUBBW15:HBBb15:TBBW1h:HBBb1h:BBBW1d:HBBb1d:U,longATR15:HATR1:HATRD:HCCI15:IUCCIA15:UCCIA1h:ILCCIA1d:IU
10/29/2020 10:45,Buy,5.112079113,-118.0606631,11.63738239,1.344204805,95.03460876,-94.34338309,-55.23622789,15.55748013,1.467525177,35.06455482,5.157292594,66.83863372,64.69068581,7.14648267,-15.10950876,FALSE,FALSE,FALSE,0,123.1727422,100.9786181,FALSE,FALSE,longATR15:HATR1:HATRD:HCCI15:IUCCIA15:UCCIA1h:ILCCIA1d:IUBBW15:HBBb15:TBBW1h:HBBb1h:BBBW1d:HBBb1d:U,longATR15:HATR1:HATRD:HCCI15:IUCCIA15:UCCIA1h:ILCCIA1d:IU
10/29/2020 11:00,Buy,59.64912281,-66.94681804,10.75366135,1.402717359,86.29453788,-94.34338309,-55.23622789,15.55748013,1.467525177,35.06455482,5.157292594,66.83863372,64.69068581,7.14648267,-15.10950876,FALSE,FALSE,FALSE,0,126.5959408,148.8790266,FALSE,FALSE,longATR15:HATR1:HATRD:HCCI15:IUCCIA15:ILCCIA1h:ILCCIA1d:IUBBW15:HBBb15:TBBW1h:HBBb1h:BBBW1d:HBBb1d:U,longATR15:HATR1:HATRD:HCCI15:IUCCIA15:ILCCIA1h:ILCCIA1d:IU
10/29/2020 11:15,Buy,63.33616964,-25.00594857,10.62457329,1.455247716,81.93789663,-42.06689332,-66.32315772,16.41051727,1.47667298,63.06401852,-90.68589924,57.37034907,64.69068581,7.14648267,-15.10950876,FALSE,FALSE,FALSE,0,88.34211821,92.57194993,FALSE,FALSE,longATR15:HATR1:HATRD:HCCI15:IUCCIA15:ILCCIA1h:ILCCIA1d:IUBBW15:HBBb15:TBBW1h:HBBb1h:TBBW1d:HBBb1d:U,longATR15:HATR1:HATRD:HCCI15:IUCCIA15:ILCCIA1h:ILCCIA1d:IU
10/29/2020 11:30,Buy,62.18172098,-2.891317491,10.48939969,1.483623254,81.89070889,-42.06689332,-66.32315772,16.41051727,1.47667298,63.06401852,-90.68589924,57.37034907,64.69068581,7.14648267,-15.10950876,FALSE,FALSE,FALSE,0,65.07303847,95.18300253,FALSE,FALSE,longATR15:HATR1:HATRD:HCCI15:IUCCIA15:ILCCIA1h:ILCCIA1d:IUBBW15:HBBb15:TBBW1h:HBBb1h:TBBW1d:HBBb1d:U,longATR15:HATR1:HATRD:HCCI15:IUCCIA15:ILCCIA1h:ILCCIA1d:IU
10/29/2020 11:45,Sell,10.06226524,18.81503301,10.35750379,1.42674103,65.00554512,-42.06689332,-66.32315772,16.41051727,1.47667298,63.06401852,-90.68589924,57.37034907,64.69068581,7.14648267,-15.10950876,FALSE,FALSE,TRUE,1,8.752767766,33.2392094,FALSE,FALSE,shortATR15:HATR1:HATRD:HCCI15:IUCCIA15:IUCCIA1h:ILCCIA1d:IUBBW15:HBBb15:TBBW1h:HBBb1h:TBBW1d:HBBb1d:U,shortATR15:HATR1:HATRD:HCCI15:IUCCIA15:IUCCIA1h:ILCCIA1d:IU
10/29/2020 12:00,Buy,31.01884919,30.7999067,10.71206985,1.461047682,72.40710267,-42.06689332,-66.32315772,16.41051727,1.47667298,63.06401852,-90.68589924,57.37034907,64.69068581,7.14648267,-15.10950876,FALSE,TRUE,FALSE,1,0.218942492,0.882597657,FALSE,FALSE,longATR15:HATR1:HATRD:HCCI15:IUCCIA15:IUCCIA1h:ILCCIA1d:IUBBW15:HBBb15:TBBW1h:HBBb1h:TBBW1d:HBBb1d:U,longATR15:HATR1:HATRD:HCCI15:IUCCIA15:IUCCIA1h:ILCCIA1d:IU
10/29/2020 12:15,Buy,40.30000204,39.22620309,10.41758527,1.491398823,70.10506102,-39.45902709,-67.49800265,16.73833746,1.383016481,44.47147212,-90.68589924,57.37034907,64.69068581,7.14648267,-15.10950876,FALSE,TRUE,FALSE,1,1.073798952,4.850186312,FALSE,FALSE,longATR15:HATR1:HATRD:HCCI15:IUCCIA15:IUCCIA1h:ILCCIA1d:IUBBW15:HBBb15:TBBW1h:HBBb1h:BBBW1d:HBBb1d:U,longATR15:HATR1:HATRD:HCCI15:IUCCIA15:IUCCIA1h:ILCCIA1d:IU
10/29/2020 12:30,Buy,59.27990351,45.31223235,10.04336999,1.51579064,73.82447913,-39.45902709,-67.49800265,16.73833746,1.383016481,44.47147212,-90.68589924,57.37034907,64.69068581,7.14648267,-15.10950876,FALSE,TRUE,FALSE,2,13.96767115,14.57411013,FALSE,FALSE,longATR15:HATR1:HATRD:HCCI15:IUCCIA15:IUCCIA1h:ILCCIA1d:IUBBW15:HBBb15:TBBW1h:HBBb1h:BBBW1d:HBBb1d:U,longATR15:HATR1:HATRD:HCCI15:IUCCIA15:IUCCIA1h:ILCCIA1d:IU
10/29/2020 12:45,Buy,88.22950869,48.16576427,9.911445607,1.478870951,78.39819883,-39.45902709,-67.49800265,16.73833746,1.383016481,44.47147212,-90.68589924,57.37034907,64.69068581,7.14648267,-15.10950876,TRUE,FALSE,FALSE,0,40.06374442,34.68246904,FALSE,TRUE,longATR15:HATR1:HATRD:HCCI15:IUCCIA15:IUCCIA1h:ILCCIA1d:IUBBW15:HBBb15:TBBW1h:HBBb1h:BBBW1d:HBBb1d:U,longATR15:HATR1:HATRD:HCCI15:IUCCIA15:IUCCIA1h:ILCCIA1d:IU
10/29/2020 13:00,Buy,79.42502391,48.16576427,10.30430275,1.463017798,73.75752853,-39.45902709,-67.49800265,16.73833746,1.383016481,44.47147212,-90.68589924,57.37034907,64.69068581,7.14648267,-15.10950876,FALSE,FALSE,FALSE,0,31.25925964,34.68246904,FALSE,FALSE,longATR15:HATR1:HATRD:HCCI15:IUCCIA15:IUCCIA1h:ILCCIA1d:IUBBW15:HBBb15:TBBW1h:HBBb1h:BBBW1d:HBBb1d:U,longATR15:HATR1:HATRD:HCCI15:IUCCIA15:IUCCIA1h:ILCCIA1d:IU
10/29/2020 13:15,Buy,56.45444488,52.07158766,9.469016146,1.32249897,65.08856153,-26.65704666,-65.9719365,16.79274193,1.308582525,59.64792822,-90.68589924,57.37034907,64.69068581,7.14648267,-15.10950876,FALSE,FALSE,FALSE,0,4.382857228,8.307809219,FALSE,FALSE,longATR15:HATR1:HATRD:HCCI15:IUCCIA15:IUCCIA1h:ILCCIA1d:IUBBW15:HBBb15:TBBW1h:HBBb1h:TBBW1d:HBBb1d:U,longATR15:HATR1:HATRD:HCCI15:IUCCIA15:IUCCIA1h:ILCCIA1d:IU
10/29/2020 13:30,Buy,121.3291919,54.90205469,9.755668054,1.381552505,82.42237738,-26.65704666,-65.9719365,16.79274193,1.308582525,59.64792822,-90.68589924,57.37034907,64.69068581,7.14648267,-15.10950876,FALSE,FALSE,FALSE,0,66.42713724,40.7492026,FALSE,FALSE,longATR15:HATR1:HATRD:HCCI15:OCCIA15:IUCCIA1h:ILCCIA1d:IUBBW15:HBBb15:TBBW1h:HBBb1h:TBBW1d:HBBb1d:U,longATR15:HATR1:HATRD:HCCI15:OCCIA15:IUCCIA1h:ILCCIA1d:IU
10/29/2020 13:45,Buy,155.0390692,70.07371555,9.643018295,1.48353842,88.76289059,-26.65704666,-65.9719365,16.79274193,1.308582525,59.64792822,-90.68589924,57.37034907,64.69068581,7.14648267,-15.10950876,FALSE,FALSE,FALSE,0,84.96535363,96.81912409,FALSE,FALSE,longATR15:HATR1:HATRD:HCCI15:OCCIA15:IUCCIA1h:ILCCIA1d:IUBBW15:HBBb15:TBBW1h:HBBb1h:TBBW1d:HBBb1d:U,longATR15:HATR1:HATRD:HCCI15:OCCIA15:IUCCIA1h:ILCCIA1d:IU
10/29/2020 14:00,Buy,196.2528646,91.63168263,9.639180254,1.666401808,96.43062968,-26.65704666,-65.9719365,16.79274193,1.308582525,59.64792822,-90.68589924,57.37034907,64.69068581,7.14648267,-15.10950876,FALSE,FALSE,FALSE,0,104.621182,120.3224564,FALSE,FALSE,longATR15:HATR1:HATRD:HCCI15:OCCIA15:IUCCIA1h:ILCCIA1d:IUBBW15:HBBb15:TBBW1h:HBBb1h:TBBW1d:HBBb1d:U,longATR15:HATR1:HATRD:HCCI15:OCCIA15:IUCCIA1h:ILCCIA1d:IU
10/29/2020 14:15,Buy,217.0506074,116.5004134,9.619034726,1.839630719,99.03728243,46.84579252,-62.69870269,17.73611751,1.447167586,103.3891661,-90.68589924,57.37034907,64.69068581,7.14648267,-15.10950876,FALSE,FALSE,FALSE,0,100.550194,133.2678838,FALSE,FALSE,longATR15:HATR1:HATRD:HCCI15:OCCIA15:OCCIA1h:ILCCIA1d:IUBBW15:HBBb15:TBBW1h:HBBb1h:OBBW1d:HBBb1d:U,longATR15:HATR1:HATRD:HCCI15:OCCIA15:OCCIA1h:ILCCIA1d:IU
10/29/2020 14:30,Buy,226.7842687,140.463915,9.615634286,1.88735481,104.02677,46.84579252,-62.69870269,17.73611751,1.447167586,103.3891661,-90.68589924,57.37034907,64.69068581,7.14648267,-15.10950876,FALSE,FALSE,FALSE,0,86.32035367,129.007913,FALSE,FALSE,longATR15:HATR1:HATRD:HCCI15:OCCIA15:OCCIA1h:ILCCIA1d:IUBBW15:HBBb15:OBBW1h:HBBb1h:OBBW1d:HBBb1d:U,longATR15:HATR1:HATRD:HCCI15:OCCIA15:OCCIA1h:ILCCIA1d:IU
10/29/2020 14:45,Buy,179.0481035,157.2388468,9.699211429,1.894848983,92.4392395,46.84579252,-62.69870269,17.73611751,1.447167586,103.3891661,-90.68589924,57.37034907,64.69068581,7.14648267,-15.10950876,FALSE,FALSE,FALSE,0,21.8092567,73.73024044,FALSE,FALSE,longATR15:HATR1:HATRD:HCCI15:OCCIA15:OCCIA1h:ILCCIA1d:IUBBW15:HBBb15:TBBW1h:HBBb1h:OBBW1d:HBBb1d:U,longATR15:HATR1:HATRD:HCCI15:OCCIA15:OCCIA1h:ILCCIA1d:IU
10/29/2020 15:00,Sell,148.9129396,167.6850905,9.575288163,1.807456865,84.90714296,46.84579252,-62.69870269,17.73611751,1.447167586,103.3891661,-90.68589924,57.37034907,64.69068581,7.14648267,-15.10950876,TRUE,FALSE,FALSE,0,18.77215096,5.756126909,FALSE,TRUE,shortATR15:HATR1:HATRD:HCCI15:OCCIA15:OCCIA1h:ILCCIA1d:IUBBW15:HBBb15:TBBW1h:HBBb1h:OBBW1d:HBBb1d:U,shortATR15:HATR1:HATRD:HCCI15:OCCIA15:OCCIA1h:ILCCIA1d:IU
10/29/2020 15:15,Sell,116.6537247,177.6378228,9.608175744,1.786486583,74.71009888,136.0674316,-50.66393402,17.87996625,1.649834192,104.2620834,-90.68589924,57.37034907,64.69068581,7.14648267,-15.10950876,FALSE,FALSE,FALSE,0,60.98409805,29.11767155,FALSE,FALSE,shortATR15:HATR1:HATRD:HCCI15:OCCIA15:OCCIA1h:ILCCIA1d:IUBBW15:HBBb15:TBBW1h:HBBb1h:OBBW1d:HBBb1d:U,shortATR15:HATR1:HATRD:HCCI15:OCCIA15:OCCIA1h:ILCCIA1d:IU
10/29/2020 15:30,Sell,120.3890431,181.1416509,9.874683599,1.850288532,75.68887274,136.0674316,-50.66393402,17.87996625,1.649834192,104.2620834,-90.68589924,57.37034907,64.69068581,7.14648267,-15.10950876,FALSE,FALSE,FALSE,0,60.75260783,56.78640717,FALSE,FALSE,shortATR15:HATR1:HATRD:HCCI15:OCCIA15:OCCIA1h:ILCCIA1d:IUBBW15:HBBb15:TBBW1h:HBBb1h:OBBW1d:HBBb1d:U,shortATR15:HATR1:HATRD:HCCI15:OCCIA15:OCCIA1h:ILCCIA1d:IU
10/29/2020 15:45,Sell,95.2522187,176.0970575,9.724195995,1.82708088,67.74549403,136.0674316,-50.66393402,17.87996625,1.649834192,104.2620834,-90.68589924,57.37034907,64.69068581,7.14648267,-15.10950876,FALSE,FALSE,FALSE,0,80.84483884,69.77721914,FALSE,FALSE,shortATR15:HATR1:HATRD:HCCI15:IUCCIA15:OCCIA1h:ILCCIA1d:IUBBW15:HBBb15:TBBW1h:HBBb1h:OBBW1d:HBBb1d:U,shortATR15:HATR1:HATRD:HCCI15:IUCCIA15:OCCIA1h:ILCCIA1d:IU
10/29/2020 16:00,Sell,35.49967177,161.0491878,10.93777383,1.781976635,44.58561383,136.0674316,-50.66393402,17.87996625,1.649834192,104.2620834,-90.68589924,57.37034907,64.69068581,7.14648267,-15.10950876,FALSE,FALSE,FALSE,0,125.549516,106.0838437,FALSE,FALSE,shortATR15:HATR1:HATRD:HCCI15:IUCCIA15:OCCIA1h:ILCCIA1d:IUBBW15:HBBb15:BBBW1h:HBBb1h:OBBW1d:HBBb1d:U,shortATR15:HATR1:HATRD:HCCI15:IUCCIA15:OCCIA1h:ILCCIA1d:IU
10/29/2020 16:15,Sell,26.60987729,161.0491878,12.29491669,1.801841135,33.07310683,77.61873303,-26.21704261,18.53139724,1.643707209,64.02251655,-90.68589924,57.37034907,64.69068581,7.14648267,-15.10950876,FALSE,FALSE,FALSE,0,134.4393105,106.0838437,FALSE,FALSE,shortATR15:HATR1:HATRD:HCCI15:IUCCIA15:OCCIA1h:ILCCIA1d:IUBBW15:HBBb15:BBBW1h:HBBb1h:TBBW1d:HBBb1d:U,shortATR15:HATR1:HATRD:HCCI15:IUCCIA15:OCCIA1h:ILCCIA1d:IU
10/29/2020 16:30,Sell,10.28199894,136.2629766,11.63099407,1.779290125,35.41175026,77.61873303,-26.21704261,18.53139724,1.643707209,64.02251655,-90.68589924,57.37034907,64.69068581,7.14648267,-15.10950876,FALSE,FALSE,FALSE,0,125.9809777,134.4393105,FALSE,FALSE,shortATR15:HATR1:HATRD:HCCI15:IUCCIA15:OCCIA1h:ILCCIA1d:IUBBW15:HBBb15:BBBW1h:HBBb1h:TBBW1d:HBBb1d:U,shortATR15:HATR1:HATRD:HCCI15:IUCCIA15:OCCIA1h:ILCCIA1d:IU
10/29/2020 16:45,Sell,-49.77107113,100.6108801,12.32954551,1.875279445,15.59001499,77.61873303,-26.21704261,18.53139724,1.643707209,64.02251655,-90.68589924,57.37034907,64.69068581,7.14648267,-15.10950876,FALSE,FALSE,FALSE,0,150.3819513,175.9714222,FALSE,FALSE,shortATR15:HATR1:HATRD:HCCI15:ILCCIA15:OCCIA1h:ILCCIA1d:IUBBW15:HBBb15:BBBW1h:HBBb1h:TBBW1d:HBBb1d:U,shortATR15:HATR1:HATRD:HCCI15:ILCCIA15:OCCIA1h:ILCCIA1d:IU
10/29/2020 17:00,Sell,-63.86880033,100.6108801,12.90097408,1.931318388,7.648730364,77.61873303,-26.21704261,18.53139724,1.643707209,64.02251655,-90.68589924,57.37034907,64.69068581,7.14648267,-15.10950876,FALSE,FALSE,FALSE,0,164.4796805,175.9714222,FALSE,FALSE,shortATR15:HATR1:HATRD:HCCI15:ILCCIA15:OCCIA1h:ILCCIA1d:IUBBW15:HBBb15:BBBW1h:HBBb1h:TBBW1d:HBBb1d:U,shortATR15:HATR1:HATRD:HCCI15:ILCCIA15:OCCIA1h:ILCCIA1d:IU
10/29/2020 17:15,Sell,-63.86880033,100.6108801,12.90097408,1.931318388,7.648730364,-57.81226229,12.36967725,19.27452109,1.698837189,22.03147673,-90.68589924,57.37034907,64.69068581,7.14648267,-15.10950876,FALSE,FALSE,FALSE,0,164.4796805,175.9714222,FALSE,FALSE,shortATR15:HATR1:HATRD:HCCI15:ILCCIA15:OCCIA1h:IUCCIA1d:IUBBW15:HBBb15:BBBW1h:HBBb1h:BBBW1d:HBBb1d:U,shortATR15:HATR1:HATRD:HCCI15:ILCCIA15:OCCIA1h:IUCCIA1d:IU
10/29/2020 17:30,Sell,-63.86880033,100.6108801,12.90097408,1.931318388,7.648730364,-57.81226229,12.36967725,19.27452109,1.698837189,22.03147673,-90.68589924,57.37034907,64.69068581,7.14648267,-15.10950876,FALSE,FALSE,FALSE,0,164.4796805,175.9714222,FALSE,FALSE,shortATR15:HATR1:HATRD:HCCI15:ILCCIA15:OCCIA1h:IUCCIA1d:IUBBW15:HBBb15:BBBW1h:HBBb1h:BBBW1d:HBBb1d:U,shortATR15:HATR1:HATRD:HCCI15:ILCCIA15:OCCIA1h:IUCCIA1d:IU
